a_id,q_id,predict_label_SFRN,next_high_class,predict_label_A,truth_label,prob_incorrect_SFRN,prob_partial_correct_SFRN,prob_correct_SFRN,prob_incorrect_A,prob_partial_correct_A,prob_correct_A
force.energy.1.358@test.com_Lab1_Q1,0,2,0,2,2,0.034805853,0.029714677,0.93547946,0.14624196,0.09111818,0.7626398
force.energy.1.640@test.com_Lab1_Q1,0,2,0,0,0,0.17521374,0.15232943,0.67245686,0.9930734,0.0057613817,0.0011652522
force.energy.1.196@test.com_Lab1_Q1,0,2,0,1,2,0.05333585,0.047781322,0.8988828,0.054578014,0.91426957,0.031152423
force.energy.1.409@test.com_Lab1_Q1,0,2,0,2,2,0.055902712,0.049306594,0.89479065,0.025140395,0.0076132677,0.9672463
force.energy.1.946@test.com_Lab1_Q1,0,2,0,2,2,0.021928169,0.01727666,0.9607952,0.032050785,0.009155875,0.9587934
force.energy.1.859@test.com_Lab1_Q1,0,2,0,2,2,0.010636183,0.007754376,0.9816095,0.026917825,0.0070793736,0.9660028
force.energy.1.103@test.com_Lab1_Q1,0,2,0,2,2,0.023154186,0.018578444,0.95826733,0.2715478,0.1837114,0.54474086
force.energy.1.484@test.com_Lab1_Q1,0,2,0,1,2,0.0308296,0.025620714,0.9435497,0.08864113,0.8904673,0.02089161
force.energy.4.664@test.com_Lab1_Q1,0,2,0,2,2,0.03405076,0.027405186,0.93854403,0.025148956,0.0057046358,0.96914643
force.energy.4.796@test.com_Lab1_Q1,0,2,0,2,2,0.011779115,0.008634283,0.97958666,0.022630265,0.0051679304,0.97220176
force.energy.4.496@test.com_Lab1_Q1,0,2,0,1,2,0.0364115,0.030989269,0.93259925,0.13001445,0.8536497,0.016335918
force.energy.4.493@test.com_Lab1_Q1,0,2,0,0,0,0.2926579,0.20432638,0.5030157,0.5215644,0.47196785,0.0064677526
pe.ke.1.931@test.com_Lab1_Q1,0,2,0,2,2,0.038226005,0.03245813,0.92931587,0.040402118,0.020162715,0.9394351
pe.ke.1.838@test.com_Lab1_Q1,0,2,0,2,2,0.030392861,0.024766294,0.94484085,0.017557204,0.00388305,0.9785598
pe.ke.1.529@test.com_Lab1_Q1,0,2,0,1,0,0.31574625,0.22923501,0.4550188,0.08950952,0.85336465,0.057125777
pe.ke.1.442@test.com_Lab1_Q1,0,2,0,2,2,0.04048474,0.035020176,0.9244951,0.0212691,0.004678429,0.9740525
pe.ke.1.853@test.com_Lab1_Q1,0,2,0,2,2,0.022878185,0.018696032,0.95842576,0.06512383,0.03149245,0.90338373
pe.ke.1.358@test.com_Lab1_Q1,0,2,0,2,2,0.013842406,0.010583201,0.9755744,0.016153112,0.0036651278,0.98018175
pe.ke.2.487@test.com_Lab1_Q1,0,2,1,2,0,0.13530321,0.1372856,0.7274112,0.05226648,0.032255445,0.91547805
pe.ke.2.112@test.com_Lab1_Q1,0,2,0,2,2,0.014023448,0.010803424,0.9751731,0.023529286,0.0066688783,0.9698018
pe.ke.2.211@test.com_Lab1_Q1,0,2,0,2,2,0.016926413,0.013303787,0.96976984,0.018153379,0.0040043173,0.97784233
pe.ke.2.607@test.com_Lab1_Q1,0,2,0,2,2,0.025163384,0.019903962,0.9549327,0.025182024,0.005803973,0.969014
pe.ke.2.562@test.com_Lab1_Q1,0,2,0,2,2,0.017056681,0.013574187,0.9693691,0.074792325,0.09703258,0.8281751
pe.ke.2.289@test.com_Lab1_Q1,0,2,0,2,2,0.032478906,0.027998883,0.93952227,0.10760892,0.19196782,0.70042324
pe.ke.2.574@test.com_Lab1_Q1,0,2,0,2,2,0.018545324,0.014592186,0.96686244,0.021959707,0.0058952547,0.97214496
pe.ke.2.274@test.com_Lab1_Q1,0,2,0,2,2,0.01691197,0.013287253,0.9698008,0.019279877,0.0046006492,0.9761195
pe.ke.2.556@test.com_Lab1_Q1,0,2,0,2,2,0.039192434,0.033766985,0.92704064,0.01658751,0.0038559951,0.97955644
pe.ke.2.355@test.com_Lab1_Q1,0,2,0,2,2,0.01277386,0.009483357,0.9777428,0.0165098,0.003752669,0.9797376
pe.ke.3.970@test.com_Lab1_Q1,0,2,0,2,2,0.021498471,0.017207688,0.9612939,0.09016638,0.06959897,0.8402347
pe.ke.4.904@test.com_Lab1_Q1,0,2,0,1,2,0.020501615,0.016455589,0.96304274,0.115990415,0.8212922,0.06271741
pe.ke.4.307@test.com_Lab1_Q1,0,2,0,2,2,0.032560114,0.027271584,0.94016826,0.35720396,0.18722726,0.45556882
pe.ke.4.841@test.com_Lab1_Q1,0,2,0,2,2,0.011345623,0.008556955,0.9800975,0.019036986,0.0046833185,0.9762797
pe.ke.4.439@test.com_Lab1_Q1,0,2,0,2,2,0.024044901,0.019702207,0.9562529,0.021497114,0.0054188403,0.97308403
pe.ke.4.109@test.com_Lab1_Q1,0,2,0,0,2,0.015159033,0.011537879,0.9733031,0.55261,0.41810536,0.029284714
pe.ke.4.583@test.com_Lab1_Q1,0,2,0,2,2,0.041603316,0.035512127,0.9228845,0.033511717,0.0092587825,0.9572295
pe.ke.4.238@test.com_Lab1_Q1,0,2,0,1,2,0.035106994,0.029788176,0.9351048,0.25976858,0.60207945,0.13815202
speed.mass.2.937@test.com_Lab1_Q1,0,2,0,1,2,0.025533134,0.021015739,0.95345116,0.13271846,0.44023335,0.42704827
speed.mass.2.991@test.com_Lab1_Q1,0,2,0,1,0,0.037168507,0.033803593,0.92902786,0.022654092,0.97278893,0.004557014
speed.mass.2.925@test.com_Lab1_Q1,0,2,0,2,2,0.01609193,0.012312121,0.97159594,0.024107063,0.007634539,0.9682584
speed.mass.2.934@test.com_Lab1_Q1,0,2,0,2,2,0.022152849,0.017459372,0.96038777,0.021149939,0.0050960733,0.973754
speed.mass.2.433@test.com_Lab1_Q1,0,2,0,2,0,0.015574784,0.011956911,0.9724683,0.019901862,0.004718862,0.9753793
speed.mass.2.874@test.com_Lab1_Q1,0,2,0,2,2,0.016232839,0.012555722,0.9712115,0.120666355,0.38783646,0.49149716
speed.mass.2.127@test.com_Lab1_Q1,0,2,0,2,2,0.053057924,0.048589494,0.89835256,0.12722714,0.15752447,0.7152484
speed.mass.2.571@test.com_Lab1_Q1,0,2,0,2,2,0.0090007,0.0064399703,0.98455936,0.024604794,0.007447367,0.9679479
speed.mass.2.574@test.com_Lab1_Q1,0,2,0,2,2,0.07345829,0.06632412,0.8602176,0.023344133,0.0060838903,0.970572
speed.mass.2.859@test.com_Lab1_Q1,0,2,0,1,2,0.015083498,0.011390145,0.97352636,0.060121235,0.8763226,0.06355615
speed.mass.2.493@test.com_Lab1_Q1,0,2,0,1,0,0.08529362,0.08269025,0.8320161,0.03644553,0.95166975,0.011884646
speed.mass.3.289@test.com_Lab1_Q1,0,2,0,2,2,0.032606944,0.02737668,0.9400163,0.040111374,0.012590893,0.9472977
speed.mass.3.106@test.com_Lab1_Q1,0,2,0,2,1,0.03218436,0.027063997,0.9407516,0.022824887,0.005253639,0.9719215
speed.mass.3.784@test.com_Lab1_Q1,0,2,0,1,2,0.013495224,0.010233227,0.9762715,0.055452418,0.88554806,0.058999494
speed.mass.3.577@test.com_Lab1_Q1,0,2,0,2,1,0.021032356,0.016774245,0.9621934,0.022552231,0.006656314,0.97079146
speed.mass.3.202@test.com_Lab1_Q1,0,2,0,2,2,0.016770199,0.012884843,0.97034496,0.021912519,0.005035519,0.97305197
speed.mass.3.736@test.com_Lab1_Q1,0,2,0,1,2,0.017668322,0.013888208,0.96844345,0.13180561,0.7362944,0.13190001
speed.mass.3.760@test.com_Lab1_Q1,0,2,0,1,2,0.026091808,0.021661503,0.9522467,0.1158292,0.7629962,0.121174656
speed.mass.3.679@test.com_Lab1_Q1,0,2,0,1,2,0.020153876,0.015919553,0.9639266,0.21334386,0.6052203,0.18143578
speed.mass.3.931@test.com_Lab1_Q1,0,2,0,0,0,0.27989334,0.24996006,0.47014657,0.98415875,0.0122033395,0.0036379092
force.energy.1.358@test.com_Lab1_Q2,1,2,1,1,1,0.20199402,0.39071172,0.40729424,0.076295316,0.9115694,0.012135362
force.energy.1.196@test.com_Lab1_Q2,1,1,2,0,2,0.12712428,0.7058612,0.16701451,0.79083276,0.20172851,0.007438771
force.energy.1.409@test.com_Lab1_Q2,1,2,1,2,2,0.14357033,0.21373273,0.6426969,0.05418516,0.017929818,0.92788506
force.energy.1.946@test.com_Lab1_Q2,1,1,2,2,1,0.18111469,0.44559613,0.37328917,0.02699597,0.0074196914,0.9655844
force.energy.1.859@test.com_Lab1_Q2,1,2,1,1,1,0.17593446,0.2848292,0.53923637,0.052900862,0.9290854,0.018013747
force.energy.1.103@test.com_Lab1_Q2,1,1,2,0,0,0.18831798,0.5180816,0.2936004,0.96073383,0.031819925,0.007446264
force.energy.1.484@test.com_Lab1_Q2,1,1,2,1,1,0.15336156,0.6032229,0.24341556,0.098747216,0.89504856,0.0062042675
force.energy.4.664@test.com_Lab1_Q2,1,1,2,1,2,0.17661904,0.51950806,0.30387288,0.045566827,0.9337458,0.020687457
force.energy.4.796@test.com_Lab1_Q2,1,2,1,1,1,0.20774771,0.30299038,0.48926198,0.12966634,0.74538296,0.12495068
force.energy.4.496@test.com_Lab1_Q2,1,2,1,0,0,0.11806991,0.1449906,0.7369395,0.65043724,0.3304801,0.019082671
force.energy.4.493@test.com_Lab1_Q2,1,1,2,1,0,0.12536336,0.7440639,0.13057268,0.13599284,0.8546914,0.009315773
pe.ke.1.931@test.com_Lab1_Q2,1,2,1,2,1,0.19617307,0.37077835,0.43304858,0.06747963,0.03599622,0.89652413
pe.ke.1.838@test.com_Lab1_Q2,1,2,1,2,2,0.096099116,0.12952738,0.77437353,0.097685575,0.1047646,0.7975498
pe.ke.1.529@test.com_Lab1_Q2,1,1,0,1,0,0.24596585,0.5475484,0.20648569,0.064947866,0.9063845,0.028667567
pe.ke.1.442@test.com_Lab1_Q2,1,1,2,0,0,0.1527162,0.6835829,0.1637009,0.5058398,0.46726778,0.0268924
pe.ke.1.853@test.com_Lab1_Q2,1,1,0,1,1,0.21772802,0.57228726,0.20998472,0.054794244,0.93327916,0.011926619
pe.ke.1.358@test.com_Lab1_Q2,1,2,1,2,1,0.15821664,0.22568704,0.61609626,0.028274598,0.009202245,0.96252316
pe.ke.2.487@test.com_Lab1_Q2,1,2,1,1,1,0.15776777,0.2778572,0.56437504,0.029738905,0.95841306,0.011848017
pe.ke.2.112@test.com_Lab1_Q2,1,1,2,2,1,0.18329194,0.48891938,0.32778865,0.11470096,0.16474126,0.72055775
pe.ke.2.211@test.com_Lab1_Q2,1,2,1,1,2,0.14278114,0.21754844,0.63967043,0.05291498,0.9056614,0.041423656
pe.ke.2.607@test.com_Lab1_Q2,1,2,1,2,0,0.13571444,0.14899847,0.7152871,0.101368874,0.04929918,0.849332
pe.ke.2.562@test.com_Lab1_Q2,1,1,0,1,0,0.24621458,0.6040254,0.14976004,0.04218297,0.9534186,0.004398337
pe.ke.2.289@test.com_Lab1_Q2,1,1,2,2,1,0.24651086,0.4508201,0.302669,0.09288681,0.11689488,0.7902183
pe.ke.2.574@test.com_Lab1_Q2,1,2,1,1,1,0.08799248,0.10890668,0.8031008,0.12065847,0.70684004,0.17250144
pe.ke.2.274@test.com_Lab1_Q2,1,2,1,2,1,0.110414594,0.1395492,0.75003624,0.022470875,0.005198084,0.97233105
pe.ke.2.556@test.com_Lab1_Q2,1,2,1,2,1,0.0705701,0.07292787,0.856502,0.08068115,0.07294174,0.84637713
pe.ke.2.355@test.com_Lab1_Q2,1,2,1,2,1,0.11840759,0.13649411,0.7450983,0.024674622,0.0066024843,0.9687228
pe.ke.3.970@test.com_Lab1_Q2,1,1,2,0,0,0.13279444,0.61324584,0.25395977,0.9336793,0.057172373,0.00914836
pe.ke.4.904@test.com_Lab1_Q2,1,0,1,0,0,0.9950983,0.004073682,0.0008279679,0.9966054,0.002172664,0.0012218555
pe.ke.4.307@test.com_Lab1_Q2,1,0,1,2,0,0.7637379,0.17381017,0.06245193,0.17439365,0.24925181,0.57635456
pe.ke.4.841@test.com_Lab1_Q2,1,1,2,2,1,0.17808892,0.46047038,0.3614408,0.03136008,0.01030506,0.95833486
pe.ke.4.439@test.com_Lab1_Q2,1,2,1,2,1,0.16839793,0.39736181,0.43424025,0.15466586,0.24677391,0.5985602
pe.ke.4.109@test.com_Lab1_Q2,1,2,1,1,0,0.12499069,0.1378076,0.7372017,0.116639875,0.7490894,0.1342707
pe.ke.4.583@test.com_Lab1_Q2,1,2,1,1,1,0.09303992,0.10321356,0.80374646,0.15860528,0.7633651,0.07802963
pe.ke.4.238@test.com_Lab1_Q2,1,1,2,1,1,0.14704469,0.6197515,0.2332038,0.043370057,0.9409228,0.015707199
speed.mass.2.937@test.com_Lab1_Q2,1,2,1,1,0,0.17815466,0.37066796,0.45117736,0.05194123,0.9391673,0.00889148
speed.mass.2.991@test.com_Lab1_Q2,1,1,2,1,1,0.086291976,0.75228786,0.16142017,0.022334851,0.9743688,0.0032963206
speed.mass.2.925@test.com_Lab1_Q2,1,1,2,1,1,0.0753492,0.7903677,0.13428308,0.026148017,0.97078896,0.003062993
speed.mass.2.934@test.com_Lab1_Q2,1,2,1,1,1,0.12601754,0.20865725,0.6653252,0.03134009,0.9587797,0.009880237
speed.mass.2.433@test.com_Lab1_Q2,1,1,2,1,0,0.16689047,0.537143,0.2959665,0.16426688,0.82691365,0.008819449
speed.mass.2.874@test.com_Lab1_Q2,1,1,2,1,1,0.14209864,0.59452593,0.26337543,0.023934497,0.9687109,0.0073545985
speed.mass.2.127@test.com_Lab1_Q2,1,1,0,0,0,0.32737178,0.5076233,0.1650049,0.9926139,0.0059420983,0.0014439367
speed.mass.2.571@test.com_Lab1_Q2,1,2,1,2,1,0.163548,0.2389241,0.5975279,0.053779196,0.020984147,0.92523664
speed.mass.2.574@test.com_Lab1_Q2,1,0,1,0,0,0.964989,0.02783546,0.0071756216,0.98747814,0.009710105,0.0028117404
speed.mass.2.859@test.com_Lab1_Q2,1,1,2,0,1,0.18053183,0.6248735,0.19459459,0.5354015,0.45381987,0.010778698
speed.mass.2.493@test.com_Lab1_Q2,1,1,2,1,0,0.15066634,0.59486824,0.25446537,0.024913095,0.96963924,0.005447657
speed.mass.3.289@test.com_Lab1_Q2,1,1,2,1,1,0.0966224,0.75295424,0.15042338,0.036463495,0.9514298,0.012106735
speed.mass.3.106@test.com_Lab1_Q2,1,1,2,0,0,0.17941613,0.42201298,0.3985709,0.9623186,0.030752342,0.0069290493
speed.mass.3.784@test.com_Lab1_Q2,1,1,2,1,1,0.15687373,0.46459827,0.37852797,0.08677446,0.79454315,0.118682355
speed.mass.3.577@test.com_Lab1_Q2,1,1,2,1,1,0.17280315,0.53070205,0.29649478,0.03503679,0.9566444,0.008318836
speed.mass.3.202@test.com_Lab1_Q2,1,1,2,1,1,0.17424019,0.6514371,0.17432271,0.041734647,0.95367324,0.0045921328
speed.mass.3.760@test.com_Lab1_Q2,1,0,1,0,0,0.9194026,0.06284664,0.017750863,0.99177986,0.0070987106,0.0011213901
speed.mass.3.679@test.com_Lab1_Q2,1,1,2,2,2,0.12492236,0.5053599,0.36971772,0.060805757,0.031072503,0.9081218
speed.mass.3.931@test.com_Lab1_Q2,1,1,0,0,0,0.3961776,0.4681301,0.13569234,0.996573,0.0024158915,0.0010111324
force.energy.1.358@test.com_Lab1_Q4,2,2,1,2,0,0.061566696,0.061706595,0.8767267,0.29294217,0.27126008,0.43579778
force.energy.1.640@test.com_Lab1_Q4,2,0,1,0,0,0.9325416,0.057569206,0.009889265,0.9983322,0.0013727349,0.00029503257
force.energy.1.196@test.com_Lab1_Q4,2,1,2,2,1,0.15381682,0.66179365,0.18438947,0.024447257,0.008782316,0.9667704
force.energy.1.409@test.com_Lab1_Q4,2,1,2,0,0,0.10194619,0.7276996,0.17035417,0.62882656,0.35736862,0.01380482
force.energy.1.946@test.com_Lab1_Q4,2,1,2,2,1,0.11618306,0.47983995,0.40397698,0.06615628,0.053272787,0.8805709
force.energy.1.859@test.com_Lab1_Q4,2,2,1,2,0,0.105375506,0.1490923,0.7455322,0.15273073,0.24258813,0.60468113
force.energy.1.103@test.com_Lab1_Q4,2,0,1,0,0,0.49821964,0.4235959,0.07818435,0.9625454,0.03463566,0.0028189179
force.energy.1.484@test.com_Lab1_Q4,2,2,1,2,1,0.10781629,0.119972885,0.77221084,0.072634704,0.042652644,0.88471264
force.energy.4.664@test.com_Lab1_Q4,2,1,0,1,0,0.293507,0.57553715,0.13095577,0.17577387,0.8185724,0.0056537543
force.energy.4.796@test.com_Lab1_Q4,2,1,2,2,1,0.14766093,0.61180776,0.24053131,0.110905826,0.16097455,0.7281196
force.energy.4.496@test.com_Lab1_Q4,2,1,2,0,2,0.08804664,0.7861438,0.1258096,0.92315733,0.07417693,0.002665705
force.energy.4.493@test.com_Lab1_Q4,2,1,0,1,0,0.4520552,0.47916996,0.06877485,0.124981344,0.8718963,0.0031222657
pe.ke.1.931@test.com_Lab1_Q4,2,2,1,2,2,0.076537065,0.09311236,0.8303505,0.097818114,0.11063362,0.7915483
pe.ke.1.838@test.com_Lab1_Q4,2,1,2,0,1,0.111435965,0.6854351,0.20312892,0.97544664,0.020409219,0.004144223
pe.ke.1.529@test.com_Lab1_Q4,2,1,0,0,1,0.17705439,0.69710857,0.125837,0.831403,0.16431583,0.004281127
pe.ke.1.442@test.com_Lab1_Q4,2,0,1,0,0,0.6913932,0.27278578,0.03582101,0.9702012,0.02844378,0.00135498
pe.ke.1.853@test.com_Lab1_Q4,2,1,2,1,0,0.12050913,0.5924555,0.28703535,0.04927253,0.94565034,0.0050771986
pe.ke.1.358@test.com_Lab1_Q4,2,2,1,1,1,0.10152206,0.2501486,0.6483294,0.026647843,0.9656028,0.0077493484
pe.ke.2.487@test.com_Lab1_Q4,2,1,2,2,2,0.06375477,0.79052055,0.14572465,0.056615725,0.058148906,0.88523537
pe.ke.2.112@test.com_Lab1_Q4,2,1,2,1,1,0.10220138,0.6434132,0.25438544,0.08343831,0.87318766,0.04337402
pe.ke.2.211@test.com_Lab1_Q4,2,1,2,1,1,0.079639174,0.7789786,0.14138223,0.06584059,0.907247,0.026912365
pe.ke.2.607@test.com_Lab1_Q4,2,2,1,1,1,0.07523928,0.44651225,0.47824845,0.051470567,0.9086865,0.039842933
pe.ke.2.562@test.com_Lab1_Q4,2,2,1,1,2,0.087616675,0.20168647,0.7106969,0.08479425,0.80231917,0.11288661
pe.ke.2.289@test.com_Lab1_Q4,2,1,2,1,1,0.13498007,0.5616553,0.3033647,0.017238142,0.97919613,0.0035657336
pe.ke.2.574@test.com_Lab1_Q4,2,2,1,2,2,0.06944932,0.13075006,0.79980063,0.09878797,0.19223315,0.7089789
pe.ke.2.274@test.com_Lab1_Q4,2,1,2,1,1,0.09594194,0.7361556,0.16790253,0.2651111,0.73056537,0.00432358
pe.ke.2.556@test.com_Lab1_Q4,2,2,1,2,1,0.050896842,0.084716916,0.8643863,0.056110803,0.0328076,0.9110816
pe.ke.2.355@test.com_Lab1_Q4,2,1,2,1,1,0.058604773,0.84703887,0.0943563,0.08193755,0.7422519,0.17581052
pe.ke.3.970@test.com_Lab1_Q4,2,1,2,0,0,0.06558177,0.8670641,0.067354016,0.86332786,0.13328636,0.0033858027
pe.ke.4.904@test.com_Lab1_Q4,2,0,1,0,0,0.99999475,4.848331e-06,3.1105122e-07,0.97618586,0.02213627,0.001677961
pe.ke.4.307@test.com_Lab1_Q4,2,1,2,2,1,0.16720082,0.5765052,0.25629398,0.15909855,0.29260164,0.5482998
pe.ke.4.841@test.com_Lab1_Q4,2,1,2,1,0,0.043006964,0.88490033,0.072092704,0.32076088,0.6755331,0.0037060045
pe.ke.4.439@test.com_Lab1_Q4,2,2,1,1,1,0.08688073,0.19383089,0.7192884,0.0808702,0.830061,0.08906881
pe.ke.4.109@test.com_Lab1_Q4,2,0,1,0,0,0.8237502,0.15418284,0.022067027,0.9903662,0.0079212105,0.0017125373
pe.ke.4.583@test.com_Lab1_Q4,2,1,2,1,0,0.04149123,0.8653005,0.0932083,0.024717914,0.972385,0.0028971387
pe.ke.4.238@test.com_Lab1_Q4,2,1,2,1,1,0.07716957,0.6308824,0.29194802,0.056824785,0.8871451,0.05603015
speed.mass.2.937@test.com_Lab1_Q4,2,1,2,2,2,0.0971543,0.4930919,0.4097538,0.092528306,0.086249456,0.82122225
speed.mass.2.991@test.com_Lab1_Q4,2,1,2,1,0,0.07029039,0.8240992,0.10561032,0.025385384,0.9724999,0.0021146745
speed.mass.2.925@test.com_Lab1_Q4,2,1,2,1,1,0.066673644,0.7892195,0.14410684,0.06381314,0.9287916,0.0073952824
speed.mass.2.934@test.com_Lab1_Q4,2,1,0,0,0,0.1281533,0.7632292,0.10861744,0.8442973,0.14873211,0.0069705835
speed.mass.2.433@test.com_Lab1_Q4,2,1,2,1,0,0.07559247,0.8426515,0.081756085,0.044275675,0.95384747,0.0018768064
speed.mass.2.874@test.com_Lab1_Q4,2,1,2,1,2,0.11106661,0.63691556,0.25201783,0.031020897,0.9643234,0.00465568
speed.mass.2.127@test.com_Lab1_Q4,2,1,0,0,0,0.06563851,0.8745598,0.059801668,0.99563843,0.0038185248,0.0005431303
speed.mass.2.571@test.com_Lab1_Q4,2,1,2,0,1,0.053188354,0.8934006,0.053411115,0.95483476,0.04294334,0.002221852
speed.mass.2.859@test.com_Lab1_Q4,2,1,2,1,1,0.18183188,0.603667,0.21450111,0.026108017,0.97024465,0.0036474152
speed.mass.2.493@test.com_Lab1_Q4,2,0,1,0,1,0.6089746,0.34322223,0.04780324,0.7681784,0.22667624,0.0051453575
speed.mass.3.289@test.com_Lab1_Q4,2,1,2,1,0,0.12859851,0.7309094,0.14049211,0.38058874,0.6078321,0.01157913
speed.mass.3.106@test.com_Lab1_Q4,2,2,1,1,0,0.10561315,0.30617106,0.5882158,0.12247087,0.7976909,0.079838164
speed.mass.3.784@test.com_Lab1_Q4,2,1,2,1,0,0.04367588,0.87052673,0.08579744,0.019369675,0.9786612,0.001969183
speed.mass.3.577@test.com_Lab1_Q4,2,1,2,2,1,0.12738632,0.5533368,0.3192769,0.05563506,0.03724772,0.9071172
speed.mass.3.202@test.com_Lab1_Q4,2,1,0,1,0,0.15024382,0.71302885,0.1367273,0.018404711,0.9800283,0.0015669704
speed.mass.3.736@test.com_Lab1_Q4,2,1,0,0,0,0.3241266,0.55900544,0.116867885,0.86666894,0.12701821,0.0063128364
speed.mass.3.760@test.com_Lab1_Q4,2,1,2,1,0,0.085774794,0.7319864,0.18223888,0.018167121,0.9798362,0.0019966434
speed.mass.3.679@test.com_Lab1_Q4,2,1,2,1,2,0.080172196,0.7090269,0.21080095,0.05966736,0.93797493,0.0023577276
energy.mass.4.754@test.com_Lab2_Q3,3,2,1,2,2,0.015265629,0.02270583,0.96202856,0.027648676,0.007935053,0.9644162
energy.mass.4.211@test.com_Lab2_Q3,3,0,1,2,1,0.93373114,0.056784704,0.00948409,0.102639705,0.18163365,0.7157266
energy.mass.5.256@test.com_Lab2_Q3,3,1,2,0,0,0.04960488,0.70190024,0.24849485,0.56601584,0.42645472,0.0075293616
energy.mass.5.619@test.com_Lab2_Q3,3,2,1,2,2,0.04277064,0.1156241,0.84160525,0.022646597,0.0058011645,0.9715522
energy.mass.5.634@test.com_Lab2_Q3,3,1,2,2,1,0.058207132,0.6868917,0.25490123,0.033976387,0.01515141,0.95087224
energy.mass.5.397@test.com_Lab2_Q3,3,1,0,1,0,0.2534839,0.6417832,0.104732946,0.029742396,0.9597837,0.010473882
mass.force.4.451@test.com_Lab2_Q3,3,0,1,1,2,0.47107205,0.45913678,0.06979112,0.041285135,0.93791294,0.020801958
mass.force.4.229@test.com_Lab2_Q3,3,1,2,1,2,0.0334005,0.83302563,0.13357385,0.08677497,0.9090519,0.0041731503
mass.force.4.463@test.com_Lab2_Q3,3,0,1,1,0,0.4888625,0.4639857,0.047151722,0.029874876,0.9650056,0.005119468
mass.force.4.274@test.com_Lab2_Q3,3,1,0,1,1,0.12256353,0.7803164,0.09712014,0.06826024,0.8608521,0.07088761
mass.force.4.160@test.com_Lab2_Q3,3,1,0,0,1,0.09801806,0.8677657,0.034216203,0.9254992,0.07060017,0.00390062
mass.force.4.310@test.com_Lab2_Q3,3,1,2,2,2,0.060231853,0.6385497,0.30121848,0.035489183,0.015414148,0.9490967
mass.force.4.367@test.com_Lab2_Q3,3,1,0,1,1,0.10044285,0.8711725,0.028384646,0.4954575,0.49784076,0.0067017
mass.force.5.979@test.com_Lab2_Q3,3,1,0,1,0,0.122024305,0.78359824,0.0943774,0.026151275,0.9666186,0.007230144
speed.energy.5.136@test.com_Lab2_Q3,3,1,2,1,0,0.089921765,0.66709375,0.24298446,0.07929663,0.91237146,0.00833188
speed.energy.5.724@test.com_Lab2_Q3,3,0,1,1,0,0.63650197,0.33393058,0.029567441,0.18150975,0.81366247,0.004827774
force.speed.1.523@test.com_Lab2_Q3,3,0,1,1,0,1.0,6.3805995e-11,7.376418e-13,0.026233831,0.96890163,0.004864492
force.speed.1.436@test.com_Lab2_Q3,3,1,0,0,1,0.3862232,0.5804988,0.0332779,0.55519664,0.43973675,0.0050666435
force.speed.1.256@test.com_Lab2_Q3,3,2,1,2,2,0.034363832,0.05715517,0.90848094,0.098091155,0.14043519,0.76147366
force.speed.1.808@test.com_Lab2_Q3,3,0,1,1,0,0.5338872,0.44016185,0.025950922,0.114684485,0.7058604,0.17945512
force.speed.1.511@test.com_Lab2_Q3,3,2,1,1,0,0.06367635,0.19549938,0.7408243,0.11186713,0.76069206,0.12744081
force.speed.1.709@test.com_Lab2_Q3,3,1,0,1,0,0.4345464,0.5000455,0.06540807,0.061314832,0.9299282,0.008756978
force.speed.1.925@test.com_Lab2_Q3,3,1,2,1,1,0.035292942,0.86082757,0.1038795,0.08533639,0.80103314,0.113630496
force.speed.1.784@test.com_Lab2_Q3,3,2,1,2,1,0.093381256,0.41298032,0.49363837,0.11091346,0.17345655,0.71563005
force.speed.3.277@test.com_Lab2_Q3,3,0,1,1,1,0.98713803,0.012074016,0.00078794506,0.04491766,0.9523869,0.0026953658
force.speed.3.388@test.com_Lab2_Q3,3,2,1,2,2,0.048618425,0.15188123,0.79950035,0.03710683,0.017751057,0.94514215
force.speed.3.496@test.com_Lab2_Q3,3,2,1,1,2,0.14702068,0.36967322,0.48330605,0.1619304,0.66689914,0.17117047
force.speed.3.790@test.com_Lab2_Q3,3,2,1,1,0,0.05601963,0.22936423,0.7146161,0.054236963,0.9370038,0.00875921
force.speed.3.853@test.com_Lab2_Q3,3,2,1,1,0,0.02491563,0.03565974,0.93942463,0.14944944,0.5443278,0.30622283
force.speed.3.835@test.com_Lab2_Q3,3,1,0,1,1,0.4140586,0.50797266,0.077968754,0.036469646,0.95505583,0.008474581
force.energy.4.658@test.com_Lab2_Q3,3,2,1,2,1,0.05554893,0.27974296,0.6647081,0.02286814,0.0062087947,0.970923
force.energy.4.133@test.com_Lab2_Q3,3,0,1,2,0,0.38948315,0.30985406,0.30066282,0.055819914,0.022832366,0.9213478
force.energy.4.637@test.com_Lab2_Q3,3,2,1,2,1,0.061807718,0.40165487,0.5365374,0.024717147,0.006990671,0.96829224
force.energy.4.664@test.com_Lab2_Q3,3,0,1,1,0,0.95338374,0.040566497,0.0060498025,0.2046377,0.78349936,0.0118629625
force.energy.4.796@test.com_Lab2_Q3,3,1,2,2,2,0.13579199,0.44924697,0.41496107,0.07795788,0.08007891,0.8419633
force.energy.4.496@test.com_Lab2_Q3,3,2,1,1,2,0.029468032,0.09825319,0.87227875,0.16691908,0.46592745,0.36715353
force.energy.4.493@test.com_Lab2_Q3,3,0,1,0,0,0.9998599,0.000136318,3.717623e-06,0.98923033,0.009724996,0.0010447492
pe.ke.1.931@test.com_Lab2_Q3,3,1,2,1,0,0.041284494,0.8794904,0.07922513,0.020964116,0.9751814,0.0038545472
pe.ke.1.838@test.com_Lab2_Q3,3,2,1,2,1,0.0045804726,0.005748179,0.98967135,0.019208398,0.004750008,0.9760416
pe.ke.3.832@test.com_Lab2_Q3,3,1,0,1,0,0.29351917,0.648847,0.057633806,0.020389954,0.977514,0.002096049
pe.ke.3.970@test.com_Lab2_Q3,3,0,1,1,0,0.54266334,0.4176199,0.03971672,0.052959368,0.94448286,0.0025577038
pe.ke.4.904@test.com_Lab2_Q3,3,0,1,0,0,0.8729979,0.11944679,0.0075553614,0.9891679,0.009816264,0.0010158006
pe.ke.4.307@test.com_Lab2_Q3,3,0,1,1,0,0.8545956,0.1374314,0.007973022,0.3772049,0.6177572,0.0050378772
pe.ke.4.841@test.com_Lab2_Q3,3,1,2,1,2,0.0447776,0.8627364,0.092485994,0.033601146,0.9582541,0.008144793
pe.ke.4.439@test.com_Lab2_Q3,3,0,1,1,1,0.53886145,0.4376836,0.023454964,0.10031388,0.70657074,0.19311537
pe.ke.4.109@test.com_Lab2_Q3,3,0,1,0,0,0.99999976,2.4107734e-07,3.522374e-09,0.9946898,0.004409611,0.000900555
pe.ke.4.583@test.com_Lab2_Q3,3,1,2,1,0,0.052800197,0.84957856,0.0976212,0.108846545,0.88737875,0.0037746914
pe.ke.4.238@test.com_Lab2_Q3,3,0,1,0,0,1.0,2.3669552e-08,4.831108e-10,0.9558493,0.03771501,0.0064357216
pe.ke.4.331@test.com_Lab2_Q3,3,0,1,0,0,0.94391453,0.053662635,0.0024228161,0.9513191,0.044863123,0.0038178437
energy.mass.4.754@test.com_Lab2_Q4,4,2,1,2,2,0.062238496,0.063691534,0.8740699,0.017206868,0.0043336553,0.9784595
energy.mass.4.211@test.com_Lab2_Q4,4,2,0,2,2,0.039620098,0.037268266,0.9231116,0.01621509,0.0038823278,0.97990257
energy.mass.5.256@test.com_Lab2_Q4,4,2,0,2,0,0.055212315,0.055016816,0.8897709,0.05445433,0.024093188,0.9214524
energy.mass.5.619@test.com_Lab2_Q4,4,2,1,1,2,0.12812911,0.22108807,0.6507829,0.044834837,0.92956215,0.025602978
energy.mass.5.634@test.com_Lab2_Q4,4,2,1,1,1,0.13488387,0.16305514,0.702061,0.031198988,0.95906216,0.009738832
energy.mass.5.397@test.com_Lab2_Q4,4,2,1,1,1,0.11996017,0.15093453,0.7291053,0.045047555,0.90953207,0.045420416
mass.force.4.451@test.com_Lab2_Q4,4,2,0,1,1,0.07279603,0.07075181,0.85645217,0.027202798,0.9642139,0.0085832635
mass.force.4.229@test.com_Lab2_Q4,4,2,1,1,1,0.14069505,0.22001165,0.63929325,0.022091178,0.96797013,0.009938691
mass.force.4.463@test.com_Lab2_Q4,4,1,2,2,1,0.21331199,0.42431283,0.36237517,0.022238396,0.006266203,0.9714954
mass.force.4.274@test.com_Lab2_Q4,4,2,1,2,0,0.08467597,0.09198606,0.8233379,0.042162728,0.019027958,0.93880934
mass.force.4.160@test.com_Lab2_Q4,4,2,1,1,1,0.15965454,0.20532955,0.6350159,0.051032417,0.9330598,0.015907796
mass.force.4.310@test.com_Lab2_Q4,4,2,0,2,1,0.04763655,0.045205522,0.9071579,0.03129869,0.013786215,0.95491505
mass.force.4.367@test.com_Lab2_Q4,4,2,1,2,1,0.08865212,0.10084563,0.8105023,0.021750446,0.0071769287,0.9710726
mass.force.5.979@test.com_Lab2_Q4,4,2,1,1,1,0.15664943,0.30187285,0.54147774,0.11137692,0.697836,0.1907871
mass.force.5.127@test.com_Lab2_Q4,4,2,0,2,2,0.05479128,0.052300744,0.892908,0.04241517,0.017491495,0.94009334
speed.energy.5.136@test.com_Lab2_Q4,4,2,1,1,2,0.059090134,0.06186303,0.8790468,0.017889045,0.9754262,0.0066847512
speed.energy.5.724@test.com_Lab2_Q4,4,2,1,2,2,0.05243474,0.05291286,0.8946524,0.022970947,0.008198538,0.96883047
force.speed.1.523@test.com_Lab2_Q4,4,1,2,0,0,0.17924084,0.54494894,0.27581027,0.9004807,0.095718265,0.003801032
force.speed.1.436@test.com_Lab2_Q4,4,1,2,0,0,0.16868784,0.49337173,0.33794042,0.7787971,0.21327244,0.007930479
force.speed.1.256@test.com_Lab2_Q4,4,2,1,2,1,0.10666667,0.13064367,0.7626896,0.025677651,0.009755957,0.96456635
force.speed.1.808@test.com_Lab2_Q4,4,2,1,1,0,0.12209767,0.17709152,0.7008108,0.021556037,0.97549415,0.0029497447
force.speed.1.511@test.com_Lab2_Q4,4,2,1,2,1,0.08677544,0.087947056,0.82527757,0.03644598,0.015712712,0.94784135
force.speed.1.709@test.com_Lab2_Q4,4,2,1,2,1,0.0804091,0.086407356,0.8331836,0.031272214,0.01431522,0.9544126
force.speed.1.925@test.com_Lab2_Q4,4,2,1,1,0,0.120358646,0.17244864,0.7071927,0.06634289,0.8407907,0.09286645
force.speed.1.784@test.com_Lab2_Q4,4,2,0,2,1,0.04322226,0.04067954,0.91609824,0.106716156,0.22746411,0.6658197
force.speed.3.277@test.com_Lab2_Q4,4,2,1,2,1,0.06568328,0.07160768,0.862709,0.068625964,0.09861036,0.8327636
force.speed.3.388@test.com_Lab2_Q4,4,2,1,2,2,0.0652659,0.06617499,0.8685591,0.021556206,0.006322853,0.972121
force.speed.3.496@test.com_Lab2_Q4,4,2,1,0,0,0.13021463,0.1797989,0.6899864,0.98880196,0.009739641,0.0014584911
force.speed.3.790@test.com_Lab2_Q4,4,2,1,1,0,0.18002233,0.36209422,0.4578834,0.15209983,0.8201861,0.0277141
force.speed.3.853@test.com_Lab2_Q4,4,2,0,2,1,0.02772829,0.024453847,0.94781786,0.11296407,0.21281186,0.6742241
force.speed.3.835@test.com_Lab2_Q4,4,2,1,1,1,0.14720108,0.29861462,0.5541843,0.014882428,0.9834541,0.0016634221
force.energy.4.658@test.com_Lab2_Q4,4,2,1,2,2,0.058348235,0.059354223,0.8822975,0.030564124,0.014102877,0.955333
force.energy.4.133@test.com_Lab2_Q4,4,2,1,1,2,0.11845533,0.16588841,0.7156563,0.018748518,0.97692454,0.0043268753
force.energy.4.637@test.com_Lab2_Q4,4,2,1,2,2,0.058348235,0.059354223,0.8822975,0.030579343,0.014085583,0.9553351
force.energy.4.664@test.com_Lab2_Q4,4,2,1,1,2,0.1350319,0.19201003,0.6729581,0.36802363,0.62100804,0.010968266
force.energy.4.796@test.com_Lab2_Q4,4,2,1,2,1,0.09980869,0.11151325,0.7886781,0.11208584,0.16577205,0.7221421
force.energy.4.496@test.com_Lab2_Q4,4,2,1,1,0,0.1282727,0.25662044,0.61510694,0.042368237,0.95225734,0.0053744125
force.energy.4.493@test.com_Lab2_Q4,4,0,1,0,0,0.95926005,0.030248443,0.010491474,0.99891675,0.0008745876,0.00020865959
pe.ke.1.931@test.com_Lab2_Q4,4,2,0,2,1,0.034369823,0.030187698,0.9354425,0.03377827,0.015974632,0.95024705
pe.ke.1.838@test.com_Lab2_Q4,4,2,0,2,2,0.046635,0.04264105,0.9107239,0.018882096,0.0054447516,0.9756732
pe.ke.3.832@test.com_Lab2_Q4,4,2,1,1,0,0.081926376,0.08317456,0.834899,0.054732494,0.9145225,0.030744892
pe.ke.3.970@test.com_Lab2_Q4,4,2,1,1,1,0.13515477,0.18684945,0.6779958,0.021707552,0.97577363,0.0025187642
pe.ke.4.904@test.com_Lab2_Q4,4,1,0,1,0,0.28295293,0.44316977,0.27387732,0.017491098,0.98061347,0.0018953417
pe.ke.4.307@test.com_Lab2_Q4,4,2,1,1,1,0.08454157,0.09336517,0.82209325,0.036181517,0.95741576,0.0064027472
pe.ke.4.841@test.com_Lab2_Q4,4,2,0,2,2,0.056671582,0.05575884,0.88756955,0.025769366,0.008256416,0.9659742
pe.ke.4.439@test.com_Lab2_Q4,4,2,1,2,1,0.19980629,0.27417105,0.5260226,0.045938887,0.020568065,0.933493
pe.ke.4.109@test.com_Lab2_Q4,4,0,1,0,0,0.99999833,1.4472004e-06,1.9180086e-07,0.9956197,0.0039242147,0.00045599812
pe.ke.4.583@test.com_Lab2_Q4,4,2,1,2,1,0.10523208,0.12327292,0.771495,0.097835384,0.17886342,0.72330123
pe.ke.4.238@test.com_Lab2_Q4,4,1,2,1,1,0.19901009,0.5062912,0.29469875,0.048722535,0.94944227,0.0018353016
pe.ke.4.331@test.com_Lab2_Q4,4,1,2,1,1,0.20813902,0.4426717,0.34918928,0.08046893,0.8962917,0.0232394
mass.force.3.202@test.com_Lab3_Q3,5,2,0,1,2,0.021541284,0.016959859,0.9614988,0.03292061,0.96005774,0.0070217215
mass.force.3.823@test.com_Lab3_Q3,5,2,0,2,2,0.012111022,0.008842932,0.9790461,0.020603037,0.004574507,0.9748224
mass.force.4.580@test.com_Lab3_Q3,5,2,0,2,2,0.02326087,0.018265218,0.9584739,0.023442151,0.0057032024,0.9708546
mass.force.4.916@test.com_Lab3_Q3,5,2,0,2,2,0.030680878,0.024524396,0.94479465,0.021889444,0.0051481654,0.9729624
mass.force.4.550@test.com_Lab3_Q3,5,2,0,2,2,0.017031875,0.013051346,0.9699168,0.04035214,0.012204527,0.9474433
mass.force.4.385@test.com_Lab3_Q3,5,2,0,2,2,0.023078386,0.017872438,0.9590491,0.02524826,0.0060998267,0.96865195
speed.energy.3.766@test.com_Lab3_Q3,5,2,0,2,2,0.017658316,0.013570381,0.9687713,0.028395396,0.007295457,0.9643091
speed.energy.3.946@test.com_Lab3_Q3,5,2,0,1,2,0.02803805,0.02310545,0.94885653,0.13236298,0.60439664,0.2632403
speed.energy.3.952@test.com_Lab3_Q3,5,2,0,2,2,0.022477133,0.017629119,0.9598937,0.06282902,0.023944732,0.9132263
speed.energy.3.907@test.com_Lab3_Q3,5,2,0,2,2,0.01843458,0.014022765,0.9675426,0.020933654,0.0050585773,0.9740078
speed.energy.3.925@test.com_Lab3_Q3,5,2,0,2,2,0.014359929,0.010680774,0.97495925,0.020682313,0.0049533686,0.9743643
speed.energy.3.655@test.com_Lab3_Q3,5,2,0,2,2,0.012148351,0.008930696,0.978921,0.022522599,0.0053685764,0.97210884
speed.energy.3.685@test.com_Lab3_Q3,5,2,0,2,2,0.0367475,0.030945856,0.93230665,0.023522839,0.005170536,0.9713066
speed.energy.3.931@test.com_Lab3_Q3,5,2,0,2,2,0.047253083,0.04127274,0.9114742,0.038328722,0.014313686,0.9473576
speed.energy.3.388@test.com_Lab3_Q3,5,2,0,0,0,0.06391104,0.060218398,0.8758705,0.91162,0.08423337,0.004146654
speed.energy.3.715@test.com_Lab3_Q3,5,2,0,1,2,0.015135256,0.01140197,0.97346276,0.09310017,0.84698224,0.05991757
force.speed.2.937@test.com_Lab3_Q3,5,2,0,1,0,0.0239272,0.019912949,0.95615983,0.12438743,0.84506124,0.030551292
force.speed.2.910@test.com_Lab3_Q3,5,2,0,1,0,0.041663624,0.03647754,0.9218588,0.060230255,0.934264,0.0055057737
force.speed.2.991@test.com_Lab3_Q3,5,2,0,0,1,0.074810855,0.066641696,0.85854745,0.6054013,0.17613077,0.21846794
force.speed.2.913@test.com_Lab3_Q3,5,2,0,2,2,0.025471872,0.01989829,0.9546298,0.025408607,0.0066664196,0.96792495
force.speed.2.721@test.com_Lab3_Q3,5,2,0,2,2,0.02041443,0.015656045,0.9639295,0.028082732,0.007854205,0.9640631
force.speed.2.394@test.com_Lab3_Q3,5,2,0,1,0,0.04050057,0.034140665,0.92535883,0.06881871,0.8994473,0.031733952
force.speed.2.460@test.com_Lab3_Q3,5,2,0,2,2,0.018598558,0.014344001,0.9670574,0.18276773,0.09983569,0.7173966
force.speed.2.652@test.com_Lab3_Q3,5,2,0,2,2,0.021572735,0.017014602,0.96141267,0.14491558,0.07946515,0.77561927
force.speed.2.772@test.com_Lab3_Q3,5,2,0,2,0,0.060410567,0.053601116,0.8859883,0.08326864,0.057546888,0.85918444
force.speed.3.604@test.com_Lab3_Q3,5,2,0,2,2,0.053799994,0.04500738,0.9011926,0.025434641,0.006543265,0.96802205
force.energy.3.121@test.com_Lab3_Q3,5,2,0,2,2,0.016531516,0.012684882,0.9707836,0.032374587,0.008081598,0.95954376
force.energy.3.244@test.com_Lab3_Q3,5,2,0,2,2,0.025584048,0.020272037,0.9541439,0.02858628,0.0074022026,0.9640115
force.energy.3.466@test.com_Lab3_Q3,5,2,0,2,2,0.019772543,0.015092705,0.9651348,0.028911317,0.0073578632,0.9637308
force.energy.3.316@test.com_Lab3_Q3,5,2,0,2,2,0.016677994,0.012602208,0.97071975,0.023017287,0.0052629574,0.97171974
force.energy.3.304@test.com_Lab3_Q3,5,2,0,2,2,0.028266171,0.022966094,0.9487678,0.027765615,0.0068099336,0.9654245
force.energy.3.718@test.com_Lab3_Q3,5,2,0,2,2,0.022057513,0.017469758,0.9604727,0.07205495,0.029054359,0.8988907
force.energy.4.493@test.com_Lab3_Q3,5,2,0,2,0,0.09613547,0.08864562,0.815219,0.08359396,0.04783095,0.8685751
pe.ke.1.931@test.com_Lab3_Q3,5,2,0,2,2,0.032936502,0.027388409,0.93967503,0.029926896,0.0077896435,0.9622835
pe.ke.1.838@test.com_Lab3_Q3,5,2,0,2,2,0.035436593,0.02958874,0.93497473,0.025132038,0.0066525056,0.96821547
pe.ke.1.529@test.com_Lab3_Q3,5,2,0,2,1,0.019335084,0.014955166,0.96570975,0.03108891,0.008686669,0.96022445
pe.ke.1.442@test.com_Lab3_Q3,5,2,0,2,0,0.022412887,0.01780089,0.9597862,0.052559137,0.028018277,0.9194226
pe.ke.1.853@test.com_Lab3_Q3,5,2,0,2,1,0.027063938,0.02183723,0.95109886,0.06905769,0.028115502,0.9028268
pe.ke.1.358@test.com_Lab3_Q3,5,2,0,2,2,0.01577466,0.011729458,0.97249585,0.017868616,0.0039027047,0.9782286
pe.ke.1.733@test.com_Lab3_Q3,5,2,0,1,0,0.06351573,0.057114862,0.8793694,0.0829738,0.9123449,0.004681315
pe.ke.1.517@test.com_Lab3_Q3,5,2,0,2,2,0.01842933,0.013959941,0.9676107,0.025568113,0.0063527417,0.96807915
pe.ke.1.283@test.com_Lab3_Q3,5,2,0,2,1,0.020285584,0.0156130865,0.9641013,0.022229202,0.0050077154,0.9727631
speed.mass.1.361@test.com_Lab3_Q3,5,2,0,2,2,0.02145127,0.017046591,0.96150213,0.03167838,0.0081887655,0.9601329
speed.mass.2.973@test.com_Lab3_Q3,5,2,0,2,2,0.012815933,0.009448651,0.9777354,0.019515924,0.0045947484,0.9758893
speed.mass.2.937@test.com_Lab3_Q3,5,2,0,1,1,0.018931435,0.01474691,0.9663216,0.03543102,0.95836115,0.006207932
speed.mass.2.925@test.com_Lab3_Q3,5,2,0,0,0,0.04347853,0.038346414,0.91817504,0.9307504,0.065317996,0.003931525
speed.mass.2.433@test.com_Lab3_Q3,5,2,0,2,0,0.01982452,0.015406836,0.9647686,0.029194623,0.0072864387,0.963519
speed.mass.2.874@test.com_Lab3_Q3,5,2,0,2,1,0.018213943,0.014043392,0.9677426,0.053019628,0.01712496,0.9298554
speed.mass.2.127@test.com_Lab3_Q3,5,2,0,2,2,0.028049642,0.023209011,0.9487414,0.15877889,0.30164754,0.53957355
speed.mass.2.571@test.com_Lab3_Q3,5,2,0,2,2,0.023951605,0.01940458,0.9566438,0.020487366,0.00458802,0.97492456
speed.mass.2.574@test.com_Lab3_Q3,5,2,0,2,2,0.013706493,0.01014031,0.97615325,0.027159462,0.006688054,0.9661524
speed.mass.2.859@test.com_Lab3_Q3,5,2,0,2,2,0.024075791,0.019532591,0.9563916,0.0234562,0.0056163706,0.9709274
mass.force.3.202@test.com_Lab3_Q4,6,2,0,1,2,0.035212677,0.029780624,0.9350067,0.06622683,0.88817775,0.045595385
mass.force.3.823@test.com_Lab3_Q4,6,2,0,2,2,0.038447488,0.032634933,0.9289176,0.02086101,0.0050053746,0.97413355
mass.force.4.580@test.com_Lab3_Q4,6,2,0,1,2,0.028952539,0.024094202,0.94695324,0.067719765,0.9191634,0.013116852
mass.force.4.916@test.com_Lab3_Q4,6,2,0,2,2,0.044534013,0.037892364,0.9175736,0.048120912,0.027679143,0.92419994
mass.force.4.550@test.com_Lab3_Q4,6,2,0,2,2,0.036289454,0.030469723,0.93324083,0.027164977,0.0068983384,0.9659367
mass.force.4.385@test.com_Lab3_Q4,6,2,0,2,2,0.03705075,0.031630293,0.931319,0.02384377,0.0059095942,0.9702467
speed.energy.3.766@test.com_Lab3_Q4,6,2,0,1,0,0.05898035,0.05629165,0.884728,0.0852126,0.84592843,0.0688589
speed.energy.3.946@test.com_Lab3_Q4,6,2,0,1,2,0.041956767,0.03574191,0.9223013,0.026185406,0.96971333,0.004101209
speed.energy.3.952@test.com_Lab3_Q4,6,2,0,2,2,0.043739185,0.036976166,0.9192847,0.041815724,0.016052192,0.94213206
speed.energy.3.907@test.com_Lab3_Q4,6,2,0,2,2,0.0201557,0.016025381,0.96381897,0.018206066,0.0042942194,0.97749966
speed.energy.3.925@test.com_Lab3_Q4,6,2,0,2,0,0.15386906,0.14991453,0.69621634,0.06925132,0.07495216,0.8557965
speed.energy.3.655@test.com_Lab3_Q4,6,2,0,2,2,0.018472988,0.014055968,0.96747106,0.028913552,0.007585775,0.9635007
speed.energy.3.685@test.com_Lab3_Q4,6,2,0,2,2,0.04466966,0.03888947,0.9164409,0.022224834,0.0052992166,0.972476
speed.energy.3.931@test.com_Lab3_Q4,6,2,0,2,2,0.02104123,0.01627568,0.96268314,0.021898441,0.005730645,0.9723709
speed.energy.3.388@test.com_Lab3_Q4,6,2,1,0,0,0.15403676,0.18006237,0.6659009,0.9012833,0.09510555,0.0036110599
speed.energy.3.715@test.com_Lab3_Q4,6,2,0,1,2,0.03554382,0.029504564,0.93495154,0.106736474,0.7734857,0.11977785
force.speed.2.937@test.com_Lab3_Q4,6,2,0,1,2,0.03431884,0.02870024,0.9369809,0.11857176,0.6540923,0.22733591
force.speed.2.910@test.com_Lab3_Q4,6,2,0,2,2,0.032099452,0.026417267,0.9414832,0.027225541,0.007539657,0.9652349
force.speed.2.991@test.com_Lab3_Q4,6,2,0,2,2,0.041258745,0.034701955,0.9240393,0.07756035,0.042686593,0.87975305
force.speed.2.913@test.com_Lab3_Q4,6,2,0,2,2,0.028867178,0.023578305,0.94755447,0.033686347,0.011088568,0.95522505
force.speed.2.721@test.com_Lab3_Q4,6,2,0,1,0,0.049338855,0.041130655,0.9095305,0.13403822,0.7025136,0.16344823
force.speed.2.460@test.com_Lab3_Q4,6,2,0,2,2,0.041129943,0.034748457,0.9241217,0.14536756,0.100550056,0.7540823
force.speed.2.652@test.com_Lab3_Q4,6,2,0,2,2,0.06628627,0.061155997,0.87255776,0.051208448,0.023360414,0.9254312
force.speed.3.604@test.com_Lab3_Q4,6,2,0,2,2,0.05675669,0.049429957,0.8938133,0.14682709,0.09983344,0.75333947
force.energy.3.121@test.com_Lab3_Q4,6,2,0,2,2,0.031666707,0.026397211,0.94193614,0.028294297,0.0071898983,0.9645158
force.energy.3.244@test.com_Lab3_Q4,6,2,0,2,2,0.033645425,0.028054904,0.93829966,0.03583244,0.011726304,0.9524412
force.energy.3.466@test.com_Lab3_Q4,6,2,0,2,2,0.03929241,0.032713104,0.9279945,0.04161287,0.011483454,0.94690365
force.energy.3.316@test.com_Lab3_Q4,6,2,0,2,2,0.039464377,0.032830656,0.927705,0.02216056,0.005185757,0.9726537
force.energy.3.304@test.com_Lab3_Q4,6,2,0,2,2,0.044389766,0.03788494,0.9177253,0.025869338,0.0063934065,0.96773726
force.energy.3.718@test.com_Lab3_Q4,6,2,0,1,2,0.04685903,0.041012645,0.9121283,0.105047,0.77655363,0.118399404
force.energy.4.493@test.com_Lab3_Q4,6,2,0,0,0,0.07977385,0.07525157,0.8449745,0.6701391,0.3236814,0.0061794533
pe.ke.1.931@test.com_Lab3_Q4,6,2,0,2,2,0.03312743,0.027266696,0.9396059,0.030925887,0.0097949905,0.9592791
pe.ke.1.838@test.com_Lab3_Q4,6,2,0,2,2,0.016793892,0.012958489,0.9702477,0.023935858,0.006612379,0.9694518
pe.ke.1.529@test.com_Lab3_Q4,6,2,0,2,1,0.037201714,0.031211162,0.93158704,0.06146026,0.032707084,0.90583265
pe.ke.1.442@test.com_Lab3_Q4,6,2,0,2,2,0.052335758,0.04461064,0.90305364,0.022330955,0.0060488014,0.97162026
pe.ke.1.853@test.com_Lab3_Q4,6,2,0,1,1,0.0932877,0.09134051,0.81537175,0.04190414,0.94801205,0.010083839
pe.ke.1.358@test.com_Lab3_Q4,6,2,0,2,2,0.024987953,0.019681007,0.955331,0.019273868,0.0045963326,0.97612983
pe.ke.1.733@test.com_Lab3_Q4,6,2,1,1,0,0.1411695,0.170462,0.68836844,0.07106304,0.90554476,0.023392241
pe.ke.1.517@test.com_Lab3_Q4,6,2,0,2,2,0.03598024,0.029331975,0.9346878,0.02672702,0.0074107083,0.9658622
pe.ke.1.283@test.com_Lab3_Q4,6,2,0,2,2,0.058021437,0.050916675,0.8910619,0.02060633,0.004950375,0.97444326
speed.mass.1.361@test.com_Lab3_Q4,6,2,0,2,1,0.046675034,0.0405354,0.9127895,0.029010063,0.007618543,0.96337134
speed.mass.2.973@test.com_Lab3_Q4,6,2,0,2,2,0.02839541,0.022779347,0.9488253,0.018985858,0.0046367906,0.9763774
speed.mass.2.937@test.com_Lab3_Q4,6,2,0,1,1,0.038117476,0.03196087,0.9299216,0.030012114,0.96524197,0.004745886
speed.mass.2.925@test.com_Lab3_Q4,6,2,0,2,2,0.037452627,0.031709224,0.9308381,0.024591211,0.006457886,0.96895087
speed.mass.2.433@test.com_Lab3_Q4,6,2,0,2,0,0.06752659,0.06140148,0.871072,0.044345003,0.022145795,0.93350923
speed.mass.2.874@test.com_Lab3_Q4,6,2,0,2,2,0.013836595,0.010270509,0.97589284,0.02097846,0.00547328,0.9735483
speed.mass.2.127@test.com_Lab3_Q4,6,2,1,1,0,0.12575775,0.13192704,0.74231523,0.032091536,0.9642585,0.0036500162
speed.mass.2.571@test.com_Lab3_Q4,6,2,0,1,2,0.031157488,0.025780173,0.9430623,0.050197557,0.9269266,0.022875799
speed.mass.2.574@test.com_Lab3_Q4,6,2,1,2,2,0.12780988,0.13015479,0.7420353,0.05446783,0.0165308,0.92900133
speed.mass.2.859@test.com_Lab3_Q4,6,2,0,2,2,0.035744097,0.029930022,0.93432593,0.076551266,0.083445415,0.8400033
mass.force.5.322@test.com_Lab4_Q2,7,2,0,2,2,0.038589,0.03232929,0.9290817,0.01872882,0.004981574,0.9762896
mass.force.5.592@test.com_Lab4_Q2,7,2,0,2,2,0.018884623,0.0148084685,0.9663069,0.0168645,0.004034717,0.9791007
mass.force.5.982@test.com_Lab4_Q2,7,2,0,2,2,0.031267285,0.025255315,0.94347745,0.017110918,0.0037078855,0.9791812
mass.force.5.610@test.com_Lab4_Q2,7,2,0,1,1,0.09270211,0.09080379,0.8164941,0.04691341,0.91267824,0.040408317
mass.force.5.334@test.com_Lab4_Q2,7,2,0,2,2,0.024966192,0.019796424,0.9552374,0.022203254,0.0061872383,0.9716095
mass.force.5.499@test.com_Lab4_Q2,7,2,0,2,1,0.043118235,0.036536276,0.92034554,0.040031817,0.01332968,0.9466385
force.speed.1.523@test.com_Lab4_Q2,7,0,1,0,0,0.8240359,0.12909603,0.046868008,0.97423786,0.02430214,0.0014599233
force.speed.1.436@test.com_Lab4_Q2,7,0,1,1,2,0.5897472,0.23539513,0.17485772,0.07096341,0.9219515,0.0070851054
force.speed.1.256@test.com_Lab4_Q2,7,2,0,2,2,0.086618125,0.08152131,0.83186054,0.04428317,0.020531517,0.93518525
force.speed.1.808@test.com_Lab4_Q2,7,0,1,0,0,0.97959304,0.014732889,0.0056741117,0.98689526,0.012191922,0.00091284595
force.speed.1.511@test.com_Lab4_Q2,7,2,0,2,2,0.01666312,0.012557027,0.9707799,0.01921567,0.004881168,0.97590315
force.speed.1.709@test.com_Lab4_Q2,7,2,0,2,2,0.032318227,0.02579944,0.9418823,0.02933746,0.0076846783,0.9629779
force.speed.1.925@test.com_Lab4_Q2,7,2,0,1,2,0.033656616,0.027501376,0.93884206,0.23676714,0.65064347,0.11258942
force.speed.1.784@test.com_Lab4_Q2,7,2,0,1,0,0.11750182,0.11489393,0.76760423,0.03337021,0.9505764,0.016053312
force.speed.1.343@test.com_Lab4_Q2,7,2,0,2,1,0.08711879,0.07899011,0.83389115,0.1891291,0.22288834,0.5879826
force.speed.1.619@test.com_Lab4_Q2,7,2,0,2,1,0.06907027,0.059997726,0.870932,0.081655666,0.060746305,0.857598
force.energy.2.730@test.com_Lab4_Q2,7,2,0,2,2,0.019672217,0.015169559,0.9651582,0.017098662,0.0040705637,0.97883075
force.energy.2.634@test.com_Lab4_Q2,7,2,0,1,0,0.06502172,0.060271244,0.874707,0.029662723,0.9650186,0.0053187716
force.energy.2.328@test.com_Lab4_Q2,7,2,0,2,2,0.071743235,0.062445063,0.8658117,0.070322536,0.04263046,0.887047
force.energy.2.853@test.com_Lab4_Q2,7,2,0,2,2,0.038554307,0.032126904,0.92931885,0.12529397,0.38517958,0.48952648
force.energy.2.994@test.com_Lab4_Q2,7,2,0,2,2,0.031461142,0.025198292,0.9433406,0.021848805,0.0063775345,0.9717737
force.energy.2.223@test.com_Lab4_Q2,7,2,0,2,2,0.017375115,0.013150505,0.9694744,0.025355395,0.0071282135,0.96751636
force.energy.2.271@test.com_Lab4_Q2,7,2,0,2,2,0.047937863,0.04108202,0.9109801,0.02791942,0.007837817,0.96424276
force.energy.3.607@test.com_Lab4_Q2,7,2,0,2,2,0.031248942,0.025471807,0.94327927,0.018630447,0.0044945185,0.97687507
force.energy.3.823@test.com_Lab4_Q2,7,2,0,2,2,0.12520458,0.12262674,0.7521687,0.028318034,0.010126809,0.9615551
force.energy.3.970@test.com_Lab4_Q2,7,2,0,2,2,0.02207204,0.017119661,0.96080834,0.018140644,0.004406423,0.977453
force.energy.4.496@test.com_Lab4_Q2,7,2,0,2,0,0.035656475,0.029799452,0.9345441,0.036660407,0.010304719,0.9530349
force.energy.4.493@test.com_Lab4_Q2,7,0,1,1,0,0.494675,0.36577523,0.1395498,0.18557142,0.80963975,0.0047887634
pe.ke.1.931@test.com_Lab4_Q2,7,2,0,2,2,0.025431188,0.020253645,0.9543152,0.02397272,0.0061111264,0.96991616
pe.ke.1.838@test.com_Lab4_Q2,7,2,0,2,2,0.031629544,0.025939971,0.9424305,0.016490132,0.0038628373,0.97964704
pe.ke.1.529@test.com_Lab4_Q2,7,2,1,1,2,0.16681771,0.23315585,0.6000264,0.04596131,0.9486207,0.0054180105
pe.ke.1.442@test.com_Lab4_Q2,7,2,0,2,2,0.033432692,0.026978204,0.9395891,0.018844662,0.004698653,0.97645676
pe.ke.4.220@test.com_Lab4_Q2,7,2,0,2,2,0.09648917,0.08983403,0.81367683,0.0275056,0.0066061295,0.96588826
pe.ke.4.100@test.com_Lab4_Q2,7,2,0,2,2,0.021140978,0.016494442,0.9623646,0.021772873,0.0061001,0.9721271
pe.ke.4.622@test.com_Lab4_Q2,7,2,0,2,2,0.036548946,0.03053316,0.93291783,0.0216195,0.0054701627,0.97291034
speed.mass.1.805@test.com_Lab4_Q2,7,2,0,2,2,0.02452846,0.019288708,0.9561828,0.016241392,0.0037819983,0.97997665
speed.mass.1.886@test.com_Lab4_Q2,7,2,1,1,2,0.1470188,0.16000956,0.69297165,0.045118053,0.9104295,0.04445252
speed.mass.1.664@test.com_Lab4_Q2,7,2,0,2,2,0.02305126,0.018234666,0.95871407,0.020458875,0.0057442626,0.9737969
speed.mass.1.115@test.com_Lab4_Q2,7,2,1,1,2,0.11426052,0.11544396,0.77029556,0.04227937,0.9536163,0.004104315
speed.mass.1.337@test.com_Lab4_Q2,7,2,0,1,2,0.047930337,0.041171987,0.9108977,0.11708836,0.46174306,0.42116857
speed.mass.1.775@test.com_Lab4_Q2,7,2,0,2,2,0.024243262,0.01924009,0.9565166,0.01786692,0.004218391,0.9779147
speed.mass.1.682@test.com_Lab4_Q2,7,2,1,0,0,0.15012275,0.21504031,0.6348369,0.9763498,0.022404449,0.0012456771
speed.mass.3.586@test.com_Lab4_Q2,7,2,0,1,2,0.05323642,0.045316145,0.9014474,0.11852773,0.5537128,0.32775947
speed.mass.3.847@test.com_Lab4_Q2,7,2,0,1,2,0.045284893,0.0399979,0.9147172,0.02596016,0.96895605,0.005083805
speed.mass.3.715@test.com_Lab4_Q2,7,2,0,2,2,0.024332723,0.019723104,0.9559442,0.026862968,0.010126618,0.9630104
speed.mass.3.289@test.com_Lab4_Q2,7,2,0,1,2,0.053803742,0.04583322,0.9003631,0.030604066,0.9545102,0.014885803
speed.mass.3.106@test.com_Lab4_Q2,7,2,0,1,0,0.086477675,0.08336768,0.83015466,0.077192575,0.91945016,0.0033572465
speed.mass.3.784@test.com_Lab4_Q2,7,2,0,1,2,0.050351307,0.043468997,0.9061797,0.07053786,0.824658,0.104804166
speed.mass.3.577@test.com_Lab4_Q2,7,2,0,2,2,0.03743032,0.030585146,0.9319845,0.018162489,0.0046053245,0.97723216
speed.mass.3.202@test.com_Lab4_Q2,7,2,0,1,2,0.052443996,0.045177847,0.90237814,0.08412322,0.751675,0.16420174
speed.mass.3.502@test.com_Lab4_Q2,7,2,0,1,2,0.0461884,0.039311327,0.9145003,0.086295426,0.74404716,0.16965744
speed.mass.3.736@test.com_Lab4_Q2,7,2,0,1,2,0.11660439,0.11069388,0.77270174,0.016210973,0.98104274,0.00274629
energy.mass.5.673@test.com_Lab5_Q2,8,2,0,2,2,0.14705275,0.14703996,0.7059073,0.022278879,0.005848046,0.9718731
energy.mass.5.214@test.com_Lab5_Q2,8,2,0,2,2,0.11159789,0.107872866,0.7805292,0.018326098,0.004491015,0.9771829
mass.force.1.784@test.com_Lab5_Q2,8,0,1,0,1,0.60807824,0.25534675,0.13657509,0.9861335,0.012020961,0.0018455693
mass.force.1.169@test.com_Lab5_Q2,8,1,2,1,1,0.23722789,0.41099957,0.3517725,0.065817684,0.906499,0.027683273
mass.force.1.745@test.com_Lab5_Q2,8,2,1,2,2,0.16544615,0.1720582,0.6624957,0.027870627,0.009330806,0.9627986
mass.force.1.817@test.com_Lab5_Q2,8,0,1,1,0,0.48791105,0.26140583,0.25068304,0.0985668,0.89601225,0.005420954
mass.force.1.646@test.com_Lab5_Q2,8,2,1,2,2,0.15302674,0.15882555,0.6881477,0.017436272,0.004138726,0.978425
mass.force.1.874@test.com_Lab5_Q2,8,1,2,1,1,0.3177288,0.35092807,0.33134314,0.03562913,0.9518591,0.012511719
mass.force.1.595@test.com_Lab5_Q2,8,2,1,2,2,0.19757544,0.20648497,0.59593964,0.0642812,0.043092083,0.89262676
speed.energy.2.196@test.com_Lab5_Q2,8,2,1,2,1,0.14810906,0.14949185,0.70239913,0.01881344,0.0044243434,0.97676224
speed.energy.2.319@test.com_Lab5_Q2,8,2,1,1,1,0.17911467,0.18090892,0.63997644,0.026542481,0.9689169,0.004540693
speed.energy.2.895@test.com_Lab5_Q2,8,0,1,1,1,0.47706375,0.29012668,0.23280962,0.021518903,0.97335774,0.0051233456
speed.energy.2.208@test.com_Lab5_Q2,8,0,1,0,0,0.68343246,0.20904216,0.10752532,0.9974982,0.0020443464,0.0004574581
speed.energy.3.925@test.com_Lab5_Q2,8,2,1,2,2,0.18453692,0.19951363,0.61594945,0.017237056,0.0037172008,0.97904575
speed.energy.3.685@test.com_Lab5_Q2,8,2,1,2,1,0.172974,0.1806759,0.6463501,0.02442094,0.0059862956,0.96959275
speed.energy.3.931@test.com_Lab5_Q2,8,2,0,2,2,0.10460806,0.09968444,0.7957075,0.028480036,0.009265422,0.9622545
speed.energy.3.715@test.com_Lab5_Q2,8,0,1,0,0,0.47685364,0.27953815,0.24360816,0.95142686,0.046728972,0.0018442473
speed.energy.3.175@test.com_Lab5_Q2,8,2,1,2,2,0.182382,0.19994342,0.6176746,0.031169713,0.010019079,0.9588112
speed.energy.3.679@test.com_Lab5_Q2,8,2,0,2,1,0.32658684,0.2843624,0.38905075,0.02469278,0.008096698,0.96721053
force.speed.1.784@test.com_Lab5_Q2,8,2,1,2,2,0.19080427,0.2017306,0.60746515,0.042481523,0.013202505,0.94431597
force.speed.1.343@test.com_Lab5_Q2,8,2,1,2,2,0.20561369,0.20993485,0.5844515,0.047662683,0.016674295,0.935663
force.speed.1.619@test.com_Lab5_Q2,8,2,1,2,2,0.20530161,0.21859245,0.5761059,0.03694205,0.012146462,0.95091146
force.speed.1.133@test.com_Lab5_Q2,8,2,1,2,2,0.17607297,0.18302907,0.640898,0.05254365,0.022265188,0.9251911
force.speed.1.169@test.com_Lab5_Q2,8,2,1,2,2,0.16455397,0.17140426,0.6640418,0.047370482,0.017355228,0.9352743
force.speed.1.544@test.com_Lab5_Q2,8,0,2,1,0,0.3876829,0.29956254,0.31275454,0.037965342,0.95205027,0.009984502
force.speed.3.496@test.com_Lab5_Q2,8,2,1,2,2,0.16798162,0.17194507,0.66007334,0.1784349,0.39259097,0.42897412
force.speed.3.790@test.com_Lab5_Q2,8,2,1,2,2,0.15609442,0.16124217,0.68266344,0.0578245,0.041465014,0.9007105
force.speed.3.853@test.com_Lab5_Q2,8,2,0,2,2,0.18160298,0.18050398,0.637893,0.04727922,0.022863207,0.9298576
force.speed.3.835@test.com_Lab5_Q2,8,2,1,2,2,0.16677634,0.17119451,0.66202915,0.11158879,0.14878404,0.7396271
force.speed.3.601@test.com_Lab5_Q2,8,2,1,2,2,0.15443599,0.15835628,0.6872077,0.026904983,0.008231818,0.9648631
force.speed.3.979@test.com_Lab5_Q2,8,2,0,2,2,0.25383127,0.22954436,0.5166244,0.16694324,0.22792345,0.6051333
force.energy.3.121@test.com_Lab5_Q2,8,0,1,1,0,0.4973531,0.28597817,0.21666874,0.18944077,0.80604905,0.004510168
force.energy.3.244@test.com_Lab5_Q2,8,2,1,1,1,0.28101972,0.2869874,0.43199292,0.40112075,0.5899238,0.008955385
force.energy.3.466@test.com_Lab5_Q2,8,0,1,0,0,1.0,9.684956e-09,9.452392e-10,0.99908316,0.00074952387,0.00016735545
force.energy.3.316@test.com_Lab5_Q2,8,2,1,2,2,0.16022085,0.16225451,0.6775247,0.019031921,0.0047156503,0.97625244
force.energy.3.304@test.com_Lab5_Q2,8,2,0,2,2,0.2869562,0.25013724,0.4629066,0.0975354,0.045391653,0.8570729
force.energy.3.718@test.com_Lab5_Q2,8,0,1,2,2,0.46627682,0.30793804,0.22578515,0.06587975,0.03072165,0.9033986
force.energy.3.643@test.com_Lab5_Q2,8,0,1,1,2,0.45989335,0.2955567,0.24454996,0.25838244,0.48779634,0.25382122
force.energy.3.976@test.com_Lab5_Q2,8,2,1,1,2,0.20044738,0.21551406,0.58403856,0.11137325,0.8683826,0.020244097
force.energy.3.205@test.com_Lab5_Q2,8,2,1,1,1,0.28101972,0.2869874,0.43199292,0.40114334,0.58990425,0.0089523215
force.energy.3.550@test.com_Lab5_Q2,8,0,1,1,2,0.4580596,0.29522246,0.24671786,0.12709433,0.863828,0.009077717
pe.ke.2.289@test.com_Lab5_Q2,8,2,0,2,2,0.15390056,0.15352935,0.69257003,0.028463079,0.008431491,0.96310544
pe.ke.2.574@test.com_Lab5_Q2,8,2,1,2,1,0.2047447,0.2088577,0.5863976,0.11038073,0.31922844,0.5703908
pe.ke.2.274@test.com_Lab5_Q2,8,2,0,1,1,0.22890091,0.22244528,0.5486538,0.13598834,0.4994456,0.36456612
pe.ke.2.556@test.com_Lab5_Q2,8,2,0,2,1,0.1393636,0.13840963,0.72222674,0.023606166,0.006661744,0.96973205
pe.ke.2.355@test.com_Lab5_Q2,8,2,1,2,2,0.15873931,0.16142981,0.67983085,0.017205333,0.0041521383,0.9786426
pe.ke.2.553@test.com_Lab5_Q2,8,2,1,2,2,0.19938593,0.21327865,0.58733547,0.06582121,0.03214257,0.90203625
pe.ke.2.916@test.com_Lab5_Q2,8,2,0,1,2,0.14799042,0.14417525,0.7078343,0.08229925,0.77118653,0.14651422
pe.ke.3.652@test.com_Lab5_Q2,8,0,1,1,1,0.4367609,0.28540525,0.27783385,0.11977127,0.49228412,0.38794458
pe.ke.3.697@test.com_Lab5_Q2,8,2,0,2,1,0.17652862,0.17441383,0.64905757,0.021657316,0.005673959,0.9726687
