a_id,q_id,predict_label_SFRN,next_high_class_SFRN,predict_label_BERT,next_high_class_BERT,truth_label,prob_incorrect_SFRN,prob_partial_correct_SFRN,prob_correct_SFRN,prob_incorrect_BERT,prob_partial_correct_BERT,prob_correct_BERT
force.energy.1.358@test.com_Lab1_Q1,0,2,0,2,1,2,0.034805853,0.029714677,0.93547946,0.16186813,0.17000389,0.66812795
force.energy.1.640@test.com_Lab1_Q1,0,2,0,0,1,0,0.17521374,0.15232943,0.67245686,0.936599,0.058387116,0.005013822
force.energy.1.196@test.com_Lab1_Q1,0,2,0,1,0,2,0.05333585,0.047781322,0.8988828,0.15418091,0.71954894,0.12627019
force.energy.1.409@test.com_Lab1_Q1,0,2,0,2,0,2,0.055902712,0.049306594,0.89479065,0.03543899,0.016562069,0.947999
force.energy.1.946@test.com_Lab1_Q1,0,2,0,2,0,2,0.021928169,0.01727666,0.9607952,0.046597764,0.033895794,0.9195065
force.energy.1.859@test.com_Lab1_Q1,0,2,0,2,1,2,0.010636183,0.007754376,0.9816095,0.014038325,0.04266106,0.9433006
force.energy.1.103@test.com_Lab1_Q1,0,2,0,2,0,2,0.023154186,0.018578444,0.95826733,0.09294128,0.034264505,0.8727943
force.energy.1.484@test.com_Lab1_Q1,0,2,0,2,1,2,0.0308296,0.025620714,0.9435497,0.04046354,0.31398118,0.6455553
force.energy.4.664@test.com_Lab1_Q1,0,2,0,2,0,2,0.03405076,0.027405186,0.93854403,0.16369541,0.017002985,0.8193016
force.energy.4.796@test.com_Lab1_Q1,0,2,0,2,0,2,0.011779115,0.008634283,0.97958666,0.03361526,0.012926081,0.9534586
force.energy.4.496@test.com_Lab1_Q1,0,2,0,2,0,2,0.0364115,0.030989269,0.93259925,0.34748474,0.17547049,0.47704476
force.energy.4.493@test.com_Lab1_Q1,0,2,0,0,1,0,0.2926579,0.20432638,0.5030157,0.65754014,0.3343871,0.008072678
pe.ke.1.931@test.com_Lab1_Q1,0,2,0,2,1,2,0.038226005,0.03245813,0.92931587,0.020157203,0.16953522,0.81030756
pe.ke.1.838@test.com_Lab1_Q1,0,2,0,2,0,2,0.030392861,0.024766294,0.94484085,0.04246517,0.009698226,0.94783664
pe.ke.1.529@test.com_Lab1_Q1,0,2,0,0,1,0,0.31574625,0.22923501,0.4550188,0.47938174,0.29616278,0.22445548
pe.ke.1.442@test.com_Lab1_Q1,0,2,0,2,0,2,0.04048474,0.035020176,0.9244951,0.06846372,0.009376585,0.9221597
pe.ke.1.853@test.com_Lab1_Q1,0,2,0,2,0,2,0.022878185,0.018696032,0.95842576,0.08620344,0.037399024,0.8763975
pe.ke.1.358@test.com_Lab1_Q1,0,2,0,2,0,2,0.013842406,0.010583201,0.9755744,0.025761373,0.018456211,0.9557824
pe.ke.2.487@test.com_Lab1_Q1,0,2,1,2,1,0,0.13530321,0.1372856,0.7274112,0.023152465,0.044453863,0.93239367
pe.ke.2.112@test.com_Lab1_Q1,0,2,0,2,0,2,0.014023448,0.010803424,0.9751731,0.053248744,0.03093697,0.9158143
pe.ke.2.211@test.com_Lab1_Q1,0,2,0,2,0,2,0.016926413,0.013303787,0.96976984,0.025256671,0.005761575,0.9689818
pe.ke.2.607@test.com_Lab1_Q1,0,2,0,2,0,2,0.025163384,0.019903962,0.9549327,0.047392122,0.011115533,0.9414923
pe.ke.2.562@test.com_Lab1_Q1,0,2,0,2,1,2,0.017056681,0.013574187,0.9693691,0.011490995,0.140474,0.84803504
pe.ke.2.289@test.com_Lab1_Q1,0,2,0,2,1,2,0.032478906,0.027998883,0.93952227,0.015701678,0.053308804,0.93098944
pe.ke.2.574@test.com_Lab1_Q1,0,2,0,2,0,2,0.018545324,0.014592186,0.96686244,0.031142643,0.018100733,0.95075655
pe.ke.2.274@test.com_Lab1_Q1,0,2,0,2,0,2,0.01691197,0.013287253,0.9698008,0.028764443,0.007951923,0.9632836
pe.ke.2.556@test.com_Lab1_Q1,0,2,0,2,0,2,0.039192434,0.033766985,0.92704064,0.012514735,0.012397376,0.9750879
pe.ke.2.355@test.com_Lab1_Q1,0,2,0,2,0,2,0.01277386,0.009483357,0.9777428,0.017219685,0.00524476,0.97753555
pe.ke.3.970@test.com_Lab1_Q1,0,2,0,2,1,2,0.021498471,0.017207688,0.9612939,0.056367286,0.21574646,0.72788626
pe.ke.4.904@test.com_Lab1_Q1,0,2,0,2,1,2,0.020501615,0.016455589,0.96304274,0.07880362,0.2587822,0.66241413
pe.ke.4.307@test.com_Lab1_Q1,0,2,0,2,0,2,0.032560114,0.027271584,0.94016826,0.2780909,0.07473539,0.64717364
pe.ke.4.841@test.com_Lab1_Q1,0,2,0,2,1,2,0.011345623,0.008556955,0.9800975,0.024792818,0.03536676,0.93984044
pe.ke.4.439@test.com_Lab1_Q1,0,2,0,2,0,2,0.024044901,0.019702207,0.9562529,0.048695292,0.033074867,0.9182298
pe.ke.4.109@test.com_Lab1_Q1,0,2,0,2,0,2,0.015159033,0.011537879,0.9733031,0.2407963,0.18203297,0.5771708
pe.ke.4.583@test.com_Lab1_Q1,0,2,0,2,0,2,0.041603316,0.035512127,0.9228845,0.024880828,0.009196784,0.96592236
pe.ke.4.238@test.com_Lab1_Q1,0,2,0,2,0,2,0.035106994,0.029788176,0.9351048,0.32234618,0.30978143,0.3678724
speed.mass.2.937@test.com_Lab1_Q1,0,2,0,1,0,2,0.025533134,0.021015739,0.95345116,0.3267334,0.39463478,0.27863184
speed.mass.2.991@test.com_Lab1_Q1,0,2,0,1,2,0,0.037168507,0.033803593,0.92902786,0.13269697,0.7130418,0.15426122
speed.mass.2.925@test.com_Lab1_Q1,0,2,0,2,0,2,0.01609193,0.012312121,0.97159594,0.33457303,0.13519563,0.53023136
speed.mass.2.934@test.com_Lab1_Q1,0,2,0,2,0,2,0.022152849,0.017459372,0.96038777,0.04352948,0.022450982,0.93401957
speed.mass.2.433@test.com_Lab1_Q1,0,2,0,2,0,0,0.015574784,0.011956911,0.9724683,0.0897041,0.04841435,0.86188155
speed.mass.2.874@test.com_Lab1_Q1,0,2,0,1,2,2,0.016232839,0.012555722,0.9712115,0.077474125,0.5641758,0.3583501
speed.mass.2.127@test.com_Lab1_Q1,0,2,0,2,1,2,0.053057924,0.048589494,0.89835256,0.07452745,0.24484591,0.6806267
speed.mass.2.571@test.com_Lab1_Q1,0,2,0,1,0,2,0.0090007,0.00643997,0.98455936,0.21052079,0.64189726,0.14758196
speed.mass.2.574@test.com_Lab1_Q1,0,2,0,2,1,2,0.07345829,0.06632412,0.8602176,0.023218552,0.03259186,0.9441896
speed.mass.2.859@test.com_Lab1_Q1,0,2,0,1,2,2,0.015083498,0.011390145,0.97352636,0.1574762,0.42805892,0.41446486
speed.mass.2.493@test.com_Lab1_Q1,0,2,0,1,2,0,0.08529362,0.08269025,0.8320161,0.097917534,0.7105798,0.19150262
speed.mass.3.289@test.com_Lab1_Q1,0,2,0,2,0,2,0.032606944,0.02737668,0.9400163,0.085076235,0.02446385,0.89045995
speed.mass.3.106@test.com_Lab1_Q1,0,2,0,2,1,1,0.03218436,0.027063997,0.9407516,0.03847045,0.17451118,0.7870183
speed.mass.3.784@test.com_Lab1_Q1,0,2,0,1,2,2,0.013495224,0.010233227,0.9762715,0.08519435,0.82619077,0.0886149
speed.mass.3.577@test.com_Lab1_Q1,0,2,0,2,0,1,0.021032356,0.016774245,0.9621934,0.046160925,0.013323681,0.94051534
speed.mass.3.202@test.com_Lab1_Q1,0,2,0,2,0,2,0.016770199,0.012884843,0.97034496,0.05841725,0.008193957,0.9333888
speed.mass.3.736@test.com_Lab1_Q1,0,2,0,1,2,2,0.017668322,0.013888208,0.96844345,0.09227386,0.72462755,0.18309861
speed.mass.3.760@test.com_Lab1_Q1,0,2,0,2,0,2,0.026091808,0.021661503,0.9522467,0.085570276,0.014090683,0.900339
speed.mass.3.679@test.com_Lab1_Q1,0,2,0,2,1,2,0.020153876,0.015919553,0.9639266,0.02269135,0.08321373,0.89409494
speed.mass.3.931@test.com_Lab1_Q1,0,2,0,0,1,0,0.27989334,0.24996006,0.47014657,0.8134308,0.1281073,0.05846188
force.energy.1.358@test.com_Lab1_Q2,1,2,1,1,2,1,0.20199402,0.39071172,0.40729424,0.10363221,0.7391222,0.15724558
force.energy.1.196@test.com_Lab1_Q2,1,1,2,1,0,2,0.12712428,0.7058612,0.16701451,0.42610994,0.5378363,0.036053788
force.energy.1.409@test.com_Lab1_Q2,1,2,1,2,0,2,0.14357033,0.21373273,0.6426969,0.056002315,0.026377557,0.9176201
force.energy.1.946@test.com_Lab1_Q2,1,1,2,2,1,1,0.18111469,0.44559613,0.37328917,0.093722366,0.32987562,0.576402
force.energy.1.859@test.com_Lab1_Q2,1,2,1,1,2,1,0.17593446,0.2848292,0.53923637,0.06700141,0.7892569,0.14374171
force.energy.1.103@test.com_Lab1_Q2,1,1,2,0,1,0,0.18831798,0.5180816,0.2936004,0.65531546,0.28675434,0.057930205
force.energy.1.484@test.com_Lab1_Q2,1,1,2,1,0,1,0.15336156,0.6032229,0.24341556,0.47611296,0.494265,0.029622076
force.energy.4.664@test.com_Lab1_Q2,1,1,2,1,0,2,0.17661904,0.51950806,0.30387288,0.18174997,0.6761766,0.14207335
force.energy.4.796@test.com_Lab1_Q2,1,2,1,2,1,1,0.20774771,0.30299038,0.48926198,0.14674231,0.20608093,0.64717674
force.energy.4.496@test.com_Lab1_Q2,1,2,1,0,1,0,0.11806991,0.1449906,0.7369395,0.43412155,0.3565906,0.20928779
force.energy.4.493@test.com_Lab1_Q2,1,1,2,0,1,0,0.12536336,0.7440639,0.13057268,0.85167474,0.13888863,0.00943657
pe.ke.1.931@test.com_Lab1_Q2,1,2,1,2,1,1,0.19617307,0.37077835,0.43304858,0.047281418,0.3747286,0.57799
pe.ke.1.838@test.com_Lab1_Q2,1,2,1,2,1,2,0.096099116,0.12952738,0.77437353,0.015776526,0.2881822,0.6960413
pe.ke.1.529@test.com_Lab1_Q2,1,1,0,2,0,0,0.24596585,0.5475484,0.20648569,0.3122292,0.041664917,0.6461059
pe.ke.1.442@test.com_Lab1_Q2,1,1,2,0,1,0,0.1527162,0.6835829,0.1637009,0.9245438,0.0631451,0.01231105
pe.ke.1.853@test.com_Lab1_Q2,1,1,0,0,1,1,0.21772802,0.57228726,0.20998472,0.8949774,0.09168575,0.013336872
pe.ke.1.358@test.com_Lab1_Q2,1,2,1,2,1,1,0.15821664,0.22568704,0.61609626,0.03212363,0.043979593,0.9238968
pe.ke.2.487@test.com_Lab1_Q2,1,2,1,1,2,1,0.15776777,0.2778572,0.56437504,0.081458926,0.6961501,0.22239095
pe.ke.2.112@test.com_Lab1_Q2,1,1,2,2,1,1,0.18329194,0.48891938,0.32778865,0.038486883,0.2493892,0.71212393
pe.ke.2.211@test.com_Lab1_Q2,1,2,1,2,1,2,0.14278114,0.21754844,0.63967043,0.03398009,0.3660061,0.6000138
pe.ke.2.607@test.com_Lab1_Q2,1,2,1,2,1,0,0.13571444,0.14899847,0.7152871,0.113620214,0.2978937,0.5884861
pe.ke.2.562@test.com_Lab1_Q2,1,1,0,1,0,0,0.24621458,0.6040254,0.14976004,0.34486732,0.63506573,0.020066926
pe.ke.2.289@test.com_Lab1_Q2,1,1,2,2,1,1,0.24651086,0.4508201,0.302669,0.012014924,0.032110948,0.95587415
pe.ke.2.574@test.com_Lab1_Q2,1,2,1,2,1,1,0.08799248,0.10890668,0.8031008,0.034007203,0.20654003,0.7594527
pe.ke.2.274@test.com_Lab1_Q2,1,2,1,2,0,1,0.110414594,0.1395492,0.75003624,0.09639914,0.018218989,0.8853819
pe.ke.2.556@test.com_Lab1_Q2,1,2,1,2,1,1,0.0705701,0.07292787,0.856502,0.008855911,0.12980585,0.8613382
pe.ke.2.355@test.com_Lab1_Q2,1,2,1,2,1,1,0.11840759,0.13649411,0.7450983,0.015105477,0.025315104,0.95957947
pe.ke.3.970@test.com_Lab1_Q2,1,1,2,0,1,0,0.13279444,0.61324584,0.25395977,0.6651584,0.27447668,0.06036497
pe.ke.4.904@test.com_Lab1_Q2,1,0,1,0,1,0,0.9950983,0.004073682,0.000827968,0.9904873,0.007430043,0.002082778
pe.ke.4.307@test.com_Lab1_Q2,1,0,1,2,1,0,0.7637379,0.17381017,0.06245193,0.07457373,0.17299482,0.7524314
pe.ke.4.841@test.com_Lab1_Q2,1,1,2,2,1,1,0.17808892,0.46047038,0.3614408,0.05831766,0.42159623,0.5200861
pe.ke.4.439@test.com_Lab1_Q2,1,2,1,2,1,1,0.16839793,0.39736181,0.43424025,0.029497761,0.23840407,0.73209816
pe.ke.4.109@test.com_Lab1_Q2,1,2,1,1,0,0,0.12499069,0.1378076,0.7372017,0.305926,0.39194715,0.3021268
pe.ke.4.583@test.com_Lab1_Q2,1,2,1,1,0,1,0.09303992,0.10321356,0.80374646,0.17525794,0.7249269,0.099815264
pe.ke.4.238@test.com_Lab1_Q2,1,1,2,1,2,1,0.14704469,0.6197515,0.2332038,0.06750142,0.7151585,0.21734
speed.mass.2.937@test.com_Lab1_Q2,1,2,1,1,2,0,0.17815466,0.37066796,0.45117736,0.06300591,0.7161535,0.2208406
speed.mass.2.991@test.com_Lab1_Q2,1,1,2,1,2,1,0.086291976,0.75228786,0.16142017,0.09846066,0.8006389,0.100900404
speed.mass.2.925@test.com_Lab1_Q2,1,1,2,1,0,1,0.0753492,0.7903677,0.13428308,0.10029425,0.86655927,0.033146445
speed.mass.2.934@test.com_Lab1_Q2,1,2,1,1,2,1,0.12601754,0.20865725,0.6653252,0.04725344,0.8426511,0.1100954
speed.mass.2.433@test.com_Lab1_Q2,1,1,2,1,2,0,0.16689047,0.537143,0.2959665,0.12429274,0.7316262,0.14408106
speed.mass.2.874@test.com_Lab1_Q2,1,1,2,1,2,1,0.14209864,0.59452593,0.26337543,0.071122095,0.5680302,0.3608478
speed.mass.2.127@test.com_Lab1_Q2,1,1,0,0,1,0,0.32737178,0.5076233,0.1650049,0.83244294,0.1566249,0.010932231
speed.mass.2.571@test.com_Lab1_Q2,1,2,1,2,1,1,0.163548,0.2389241,0.5975279,0.084239475,0.33453435,0.58122617
speed.mass.2.574@test.com_Lab1_Q2,1,0,1,0,1,0,0.964989,0.02783546,0.007175622,0.9229604,0.07282254,0.004217065
speed.mass.2.859@test.com_Lab1_Q2,1,1,2,0,1,1,0.18053183,0.6248735,0.19459459,0.7879424,0.1596851,0.052372497
speed.mass.2.493@test.com_Lab1_Q2,1,1,2,1,0,0,0.15066634,0.59486824,0.25446537,0.20547292,0.76636094,0.028166156
speed.mass.3.289@test.com_Lab1_Q2,1,1,2,1,2,1,0.0966224,0.75295424,0.15042338,0.085978016,0.7368,0.17722201
speed.mass.3.106@test.com_Lab1_Q2,1,1,2,0,1,0,0.17941613,0.42201298,0.3985709,0.50394064,0.4385107,0.05754862
speed.mass.3.784@test.com_Lab1_Q2,1,1,2,1,0,1,0.15687373,0.46459827,0.37852797,0.13327707,0.7537569,0.11296604
speed.mass.3.577@test.com_Lab1_Q2,1,1,2,1,0,1,0.17280315,0.53070205,0.29649478,0.123157226,0.814774,0.06206882
speed.mass.3.202@test.com_Lab1_Q2,1,1,2,1,2,1,0.17424019,0.6514371,0.17432271,0.091957636,0.77605134,0.13199101
speed.mass.3.760@test.com_Lab1_Q2,1,0,1,0,1,0,0.9194026,0.06284664,0.017750863,0.46868566,0.4628912,0.06842312
speed.mass.3.679@test.com_Lab1_Q2,1,1,2,1,2,2,0.12492236,0.5053599,0.36971772,0.02785148,0.8262727,0.14587577
speed.mass.3.931@test.com_Lab1_Q2,1,1,0,0,1,0,0.3961776,0.4681301,0.13569234,0.97381973,0.018515565,0.007664789
force.energy.1.358@test.com_Lab1_Q4,2,2,1,2,1,0,0.061566696,0.061706595,0.8767267,0.06792036,0.09145022,0.8406294
force.energy.1.640@test.com_Lab1_Q4,2,0,1,0,1,0,0.9325416,0.057569206,0.009889265,0.8741945,0.11643783,0.009367653
force.energy.1.196@test.com_Lab1_Q4,2,1,2,2,0,1,0.15381682,0.66179365,0.18438947,0.08440722,0.023217766,0.892375
force.energy.1.409@test.com_Lab1_Q4,2,1,2,0,1,0,0.10194619,0.7276996,0.17035417,0.565405,0.30950287,0.12509209
force.energy.1.946@test.com_Lab1_Q4,2,1,2,2,1,1,0.11618306,0.47983995,0.40397698,0.04030439,0.20053506,0.7591606
force.energy.1.859@test.com_Lab1_Q4,2,2,1,1,2,0,0.105375506,0.1490923,0.7455322,0.05977984,0.51021254,0.43000764
force.energy.1.103@test.com_Lab1_Q4,2,0,1,0,1,0,0.49821964,0.4235959,0.07818435,0.7583061,0.22870034,0.012993561
force.energy.1.484@test.com_Lab1_Q4,2,2,1,2,1,1,0.10781629,0.119972885,0.77221084,0.046937402,0.11118501,0.8418776
force.energy.4.664@test.com_Lab1_Q4,2,1,0,1,0,0,0.293507,0.57553715,0.13095577,0.20155248,0.7401515,0.058295988
force.energy.4.796@test.com_Lab1_Q4,2,1,2,1,2,1,0.14766093,0.61180776,0.24053131,0.14659981,0.45674467,0.39665547
force.energy.4.496@test.com_Lab1_Q4,2,1,2,1,0,2,0.08804664,0.7861438,0.1258096,0.44790432,0.47656685,0.07552878
force.energy.4.493@test.com_Lab1_Q4,2,1,0,0,1,0,0.4520552,0.47916996,0.06877485,0.49820516,0.45350447,0.04829037
pe.ke.1.931@test.com_Lab1_Q4,2,2,1,2,1,2,0.076537065,0.09311236,0.8303505,0.03461792,0.28551966,0.67986244
pe.ke.1.838@test.com_Lab1_Q4,2,1,2,0,1,1,0.111435965,0.6854351,0.20312892,0.7713527,0.20510279,0.023544505
pe.ke.1.529@test.com_Lab1_Q4,2,1,0,0,1,1,0.17705439,0.69710857,0.125837,0.94959205,0.04002357,0.010384409
pe.ke.1.442@test.com_Lab1_Q4,2,0,1,0,1,0,0.6913932,0.27278578,0.03582101,0.85689837,0.13884965,0.004252011
pe.ke.1.853@test.com_Lab1_Q4,2,1,2,1,0,0,0.12050913,0.5924555,0.28703535,0.19317546,0.70677125,0.100053266
pe.ke.1.358@test.com_Lab1_Q4,2,2,1,2,1,1,0.10152206,0.2501486,0.6483294,0.051341906,0.38421124,0.56444687
pe.ke.2.487@test.com_Lab1_Q4,2,1,2,1,2,2,0.06375477,0.79052055,0.14572465,0.07399971,0.5151572,0.41084304
pe.ke.2.112@test.com_Lab1_Q4,2,1,2,2,1,1,0.10220138,0.6434132,0.25438544,0.25334084,0.32209507,0.4245641
pe.ke.2.211@test.com_Lab1_Q4,2,1,2,1,0,1,0.079639174,0.7789786,0.14138223,0.31325957,0.48828828,0.19845214
pe.ke.2.607@test.com_Lab1_Q4,2,2,1,1,2,1,0.07523928,0.44651225,0.47824845,0.06104447,0.6232584,0.31569713
pe.ke.2.562@test.com_Lab1_Q4,2,2,1,2,1,2,0.087616675,0.20168647,0.7106969,0.1273803,0.35609213,0.51652765
pe.ke.2.289@test.com_Lab1_Q4,2,1,2,1,0,1,0.13498007,0.5616553,0.3033647,0.22234508,0.5890951,0.18855985
pe.ke.2.574@test.com_Lab1_Q4,2,2,1,2,1,2,0.06944932,0.13075006,0.79980063,0.041722856,0.26557708,0.6927
pe.ke.2.274@test.com_Lab1_Q4,2,1,2,1,0,1,0.09594194,0.7361556,0.16790253,0.47424033,0.47549054,0.0502691
pe.ke.2.556@test.com_Lab1_Q4,2,2,1,2,1,1,0.050896842,0.084716916,0.8643863,0.02446885,0.090411305,0.8851198
pe.ke.2.355@test.com_Lab1_Q4,2,1,2,1,2,1,0.058604773,0.84703887,0.0943563,0.09880699,0.49666744,0.4045256
pe.ke.3.970@test.com_Lab1_Q4,2,1,2,0,1,0,0.06558177,0.8670641,0.067354016,0.54438657,0.37876362,0.07684985
pe.ke.4.904@test.com_Lab1_Q4,2,0,1,0,1,0,0.99999475,4.85E-06,3.11E-07,0.8625276,0.09437342,0.04309897
pe.ke.4.307@test.com_Lab1_Q4,2,1,2,2,1,1,0.16720082,0.5765052,0.25629398,0.04739619,0.10002415,0.85257965
pe.ke.4.841@test.com_Lab1_Q4,2,1,2,1,0,0,0.043006964,0.88490033,0.072092704,0.12515585,0.8288658,0.04597833
pe.ke.4.439@test.com_Lab1_Q4,2,2,1,1,2,1,0.08688073,0.19383089,0.7192884,0.08843241,0.4699792,0.4415884
pe.ke.4.109@test.com_Lab1_Q4,2,0,1,0,1,0,0.8237502,0.15418284,0.022067027,0.874566,0.08979705,0.035636965
pe.ke.4.583@test.com_Lab1_Q4,2,1,2,1,0,0,0.04149123,0.8653005,0.0932083,0.39565045,0.54246074,0.061888788
pe.ke.4.238@test.com_Lab1_Q4,2,1,2,1,2,1,0.07716957,0.6308824,0.29194802,0.113724574,0.66092473,0.22535072
speed.mass.2.937@test.com_Lab1_Q4,2,1,2,1,2,2,0.0971543,0.4930919,0.4097538,0.04357755,0.6878597,0.26856273
speed.mass.2.991@test.com_Lab1_Q4,2,1,2,1,0,0,0.07029039,0.8240992,0.10561032,0.3890237,0.60068965,0.010286688
speed.mass.2.925@test.com_Lab1_Q4,2,1,2,1,2,1,0.066673644,0.7892195,0.14410684,0.11994926,0.5529025,0.3271482
speed.mass.2.934@test.com_Lab1_Q4,2,1,0,1,0,0,0.1281533,0.7632292,0.10861744,0.2491864,0.5251109,0.22570273
speed.mass.2.433@test.com_Lab1_Q4,2,1,2,1,0,0,0.07559247,0.8426515,0.081756085,0.1033448,0.88452566,0.012129458
speed.mass.2.874@test.com_Lab1_Q4,2,1,2,1,0,2,0.11106661,0.63691556,0.25201783,0.28933036,0.58742434,0.12324532
speed.mass.2.127@test.com_Lab1_Q4,2,1,0,0,1,0,0.06563851,0.8745598,0.059801668,0.63074136,0.35846582,0.010792898
speed.mass.2.571@test.com_Lab1_Q4,2,1,2,0,1,1,0.053188354,0.8934006,0.053411115,0.6555718,0.3290323,0.015395951
speed.mass.2.859@test.com_Lab1_Q4,2,1,2,1,2,1,0.18183188,0.603667,0.21450111,0.22426368,0.49096942,0.2847669
speed.mass.2.493@test.com_Lab1_Q4,2,0,1,1,0,1,0.6089746,0.34322223,0.04780324,0.28480032,0.7016346,0.013565027
speed.mass.3.289@test.com_Lab1_Q4,2,1,2,1,0,0,0.12859851,0.7309094,0.14049211,0.282722,0.5444127,0.17286535
speed.mass.3.106@test.com_Lab1_Q4,2,2,1,1,0,0,0.10561315,0.30617106,0.5882158,0.2832659,0.50679046,0.2099436
speed.mass.3.784@test.com_Lab1_Q4,2,1,2,1,0,0,0.04367588,0.87052673,0.08579744,0.08588272,0.9027816,0.011335572
speed.mass.3.577@test.com_Lab1_Q4,2,1,2,2,1,1,0.12738632,0.5533368,0.3192769,0.046888996,0.33620712,0.61690396
speed.mass.3.202@test.com_Lab1_Q4,2,1,0,1,2,0,0.15024382,0.71302885,0.1367273,0.1454914,0.62758607,0.2269225
speed.mass.3.736@test.com_Lab1_Q4,2,1,0,0,1,0,0.3241266,0.55900544,0.116867885,0.85842913,0.12071165,0.020859174
speed.mass.3.760@test.com_Lab1_Q4,2,1,2,1,2,0,0.085774794,0.7319864,0.18223888,0.08491359,0.6886248,0.22646165
speed.mass.3.679@test.com_Lab1_Q4,2,1,2,1,0,2,0.080172196,0.7090269,0.21080095,0.039004367,0.949994,0.011001631
energy.mass.4.754@test.com_Lab2_Q3,3,2,1,2,0,2,0.015265629,0.02270583,0.96202856,0.071796656,0.022249602,0.90595376
energy.mass.4.211@test.com_Lab2_Q3,3,0,1,2,1,1,0.93373114,0.056784704,0.00948409,0.14345248,0.28482425,0.5717232
energy.mass.5.256@test.com_Lab2_Q3,3,1,2,1,0,0,0.04960488,0.70190024,0.24849485,0.26468992,0.71508914,0.020220852
energy.mass.5.619@test.com_Lab2_Q3,3,2,1,2,0,2,0.04277064,0.1156241,0.84160525,0.0579402,0.016066246,0.92599356
energy.mass.5.634@test.com_Lab2_Q3,3,1,2,1,2,1,0.058207132,0.6868917,0.25490123,0.05869474,0.5172757,0.42402956
energy.mass.5.397@test.com_Lab2_Q3,3,1,0,1,2,0,0.2534839,0.6417832,0.104732946,0.09888974,0.6763168,0.22479348
mass.force.4.451@test.com_Lab2_Q3,3,0,1,2,1,2,0.47107205,0.45913678,0.06979112,0.029123079,0.30526608,0.66561085
mass.force.4.229@test.com_Lab2_Q3,3,1,2,1,0,2,0.0334005,0.83302563,0.13357385,0.071805604,0.8756453,0.052549124
mass.force.4.463@test.com_Lab2_Q3,3,0,1,1,0,0,0.4888625,0.4639857,0.047151722,0.17228466,0.78020144,0.047513835
mass.force.4.274@test.com_Lab2_Q3,3,1,0,1,0,1,0.12256353,0.7803164,0.09712014,0.36909312,0.5679274,0.06297948
mass.force.4.160@test.com_Lab2_Q3,3,1,0,1,0,1,0.09801806,0.8677657,0.034216203,0.25672886,0.73686427,0.006406855
mass.force.4.310@test.com_Lab2_Q3,3,1,2,2,1,2,0.060231853,0.6385497,0.30121848,0.05521588,0.46788135,0.4769028
mass.force.4.367@test.com_Lab2_Q3,3,1,0,1,0,1,0.10044285,0.8711725,0.028384646,0.44917783,0.5430056,0.007816566
mass.force.5.979@test.com_Lab2_Q3,3,1,0,1,2,0,0.122024305,0.78359824,0.0943774,0.060660534,0.5258849,0.4134546
speed.energy.5.136@test.com_Lab2_Q3,3,1,2,0,1,0,0.089921765,0.66709375,0.24298446,0.62852716,0.31787306,0.053599726
speed.energy.5.724@test.com_Lab2_Q3,3,0,1,1,0,0,0.63650197,0.33393058,0.029567441,0.23070288,0.73239946,0.036897693
force.speed.1.523@test.com_Lab2_Q3,3,0,1,0,1,0,1,6.38E-11,7.38E-13,0.55050063,0.41451788,0.034981508
force.speed.1.436@test.com_Lab2_Q3,3,1,0,1,0,1,0.3862232,0.5804988,0.0332779,0.4599512,0.52387226,0.016176524
force.speed.1.256@test.com_Lab2_Q3,3,2,1,2,1,2,0.034363832,0.05715517,0.90848094,0.035914123,0.2931079,0.67097795
force.speed.1.808@test.com_Lab2_Q3,3,0,1,1,0,0,0.5338872,0.44016185,0.025950922,0.2476375,0.59841824,0.15394425
force.speed.1.511@test.com_Lab2_Q3,3,2,1,2,1,0,0.06367635,0.19549938,0.7408243,0.018176546,0.11850418,0.8633192
force.speed.1.709@test.com_Lab2_Q3,3,1,0,0,1,0,0.4345464,0.5000455,0.06540807,0.65279233,0.23430195,0.11290566
force.speed.1.925@test.com_Lab2_Q3,3,1,2,2,1,1,0.035292942,0.86082757,0.1038795,0.023852343,0.34768003,0.6284676
force.speed.1.784@test.com_Lab2_Q3,3,2,1,2,1,1,0.093381256,0.41298032,0.49363837,0.02636747,0.2671585,0.706474
force.speed.3.277@test.com_Lab2_Q3,3,0,1,1,2,1,0.98713803,0.012074016,0.000787945,0.09982059,0.75657225,0.14360717
force.speed.3.388@test.com_Lab2_Q3,3,2,1,2,0,2,0.048618425,0.15188123,0.79950035,0.06441758,0.057884026,0.8776984
force.speed.3.496@test.com_Lab2_Q3,3,2,1,1,2,2,0.14702068,0.36967322,0.48330605,0.14324589,0.50888866,0.3478655
force.speed.3.790@test.com_Lab2_Q3,3,2,1,1,2,0,0.05601963,0.22936423,0.7146161,0.18789051,0.55008274,0.26202676
force.speed.3.853@test.com_Lab2_Q3,3,2,1,2,0,0,0.02491563,0.03565974,0.93942463,0.13723657,0.021934088,0.8408294
force.speed.3.835@test.com_Lab2_Q3,3,1,0,1,0,1,0.4140586,0.50797266,0.077968754,0.33628157,0.38496038,0.27875805
force.energy.4.658@test.com_Lab2_Q3,3,2,1,2,1,1,0.05554893,0.27974296,0.6647081,0.018718502,0.17233437,0.80894715
force.energy.4.133@test.com_Lab2_Q3,3,0,1,2,1,0,0.38948315,0.30985406,0.30066282,0.10321494,0.1459997,0.75078535
force.energy.4.637@test.com_Lab2_Q3,3,2,1,2,1,1,0.061807718,0.40165487,0.5365374,0.022461819,0.17787011,0.79966813
force.energy.4.664@test.com_Lab2_Q3,3,0,1,1,2,0,0.95338374,0.040566497,0.006049803,0.2026908,0.49951792,0.29779133
force.energy.4.796@test.com_Lab2_Q3,3,1,2,2,1,2,0.13579199,0.44924697,0.41496107,0.07068608,0.30258447,0.6267294
force.energy.4.496@test.com_Lab2_Q3,3,2,1,1,2,2,0.029468032,0.09825319,0.87227875,0.09437709,0.5336069,0.37201604
force.energy.4.493@test.com_Lab2_Q3,3,0,1,0,1,0,0.9998599,0.000136318,3.72E-06,0.8982862,0.093213126,0.008500606
pe.ke.1.931@test.com_Lab2_Q3,3,1,2,1,2,0,0.041284494,0.8794904,0.07922513,0.15346725,0.6256127,0.22092009
pe.ke.1.838@test.com_Lab2_Q3,3,2,1,2,0,1,0.004580473,0.005748179,0.98967135,0.021095535,0.015201447,0.96370304
pe.ke.3.832@test.com_Lab2_Q3,3,1,0,1,0,0,0.29351917,0.648847,0.057633806,0.430228,0.5051371,0.06463495
pe.ke.3.970@test.com_Lab2_Q3,3,0,1,1,0,0,0.54266334,0.4176199,0.03971672,0.12440425,0.86506957,0.010526229
pe.ke.4.904@test.com_Lab2_Q3,3,0,1,0,1,0,0.8729979,0.11944679,0.007555361,0.48008516,0.47470066,0.045214076
pe.ke.4.307@test.com_Lab2_Q3,3,0,1,1,0,0,0.8545956,0.1374314,0.007973022,0.38045135,0.6153248,0.004223861
pe.ke.4.841@test.com_Lab2_Q3,3,1,2,0,1,2,0.0447776,0.8627364,0.092485994,0.5665385,0.34205163,0.09140987
pe.ke.4.439@test.com_Lab2_Q3,3,0,1,1,2,1,0.53886145,0.4376836,0.023454964,0.08932891,0.66760314,0.243068
pe.ke.4.109@test.com_Lab2_Q3,3,0,1,0,1,0,0.99999976,2.41E-07,3.52E-09,0.9744785,0.020235658,0.005285871
pe.ke.4.583@test.com_Lab2_Q3,3,1,2,1,0,0,0.052800197,0.84957856,0.0976212,0.3632645,0.53338647,0.10334903
pe.ke.4.238@test.com_Lab2_Q3,3,0,1,0,1,0,1,2.37E-08,4.83E-10,0.70925593,0.21862398,0.072120115
pe.ke.4.331@test.com_Lab2_Q3,3,0,1,0,1,0,0.94391453,0.053662635,0.002422816,0.8413346,0.14403379,0.014631626
energy.mass.4.754@test.com_Lab2_Q4,4,2,1,2,0,2,0.062238496,0.063691534,0.8740699,0.08740421,0.018122634,0.89447314
energy.mass.4.211@test.com_Lab2_Q4,4,2,0,2,0,2,0.039620098,0.037268266,0.9231116,0.040667705,0.023442864,0.9358894
energy.mass.5.256@test.com_Lab2_Q4,4,2,0,2,1,0,0.055212315,0.055016816,0.8897709,0.08410555,0.12322398,0.7926705
energy.mass.5.619@test.com_Lab2_Q4,4,2,1,1,2,2,0.12812911,0.22108807,0.6507829,0.10641703,0.75539833,0.1381847
energy.mass.5.634@test.com_Lab2_Q4,4,2,1,1,2,1,0.13488387,0.16305514,0.702061,0.117831826,0.44917202,0.43299612
energy.mass.5.397@test.com_Lab2_Q4,4,2,1,1,2,1,0.11996017,0.15093453,0.7291053,0.0732381,0.715728,0.21103394
mass.force.4.451@test.com_Lab2_Q4,4,2,0,1,2,1,0.07279603,0.07075181,0.85645217,0.09310973,0.6557154,0.2511749
mass.force.4.229@test.com_Lab2_Q4,4,2,1,1,0,1,0.14069505,0.22001165,0.63929325,0.1616447,0.7942708,0.044084426
mass.force.4.463@test.com_Lab2_Q4,4,1,2,2,0,1,0.21331199,0.42431283,0.36237517,0.105773814,0.049025267,0.8452009
mass.force.4.274@test.com_Lab2_Q4,4,2,1,2,1,0,0.08467597,0.09198606,0.8233379,0.12423619,0.20988688,0.6658769
mass.force.4.160@test.com_Lab2_Q4,4,2,1,0,1,1,0.15965454,0.20532955,0.6350159,0.5206591,0.4331185,0.046222445
mass.force.4.310@test.com_Lab2_Q4,4,2,0,2,1,1,0.04763655,0.045205522,0.9071579,0.039257366,0.2147122,0.74603045
mass.force.4.367@test.com_Lab2_Q4,4,2,1,2,1,1,0.08865212,0.10084563,0.8105023,0.13405965,0.39171398,0.47422642
mass.force.5.979@test.com_Lab2_Q4,4,2,1,1,0,1,0.15664943,0.30187285,0.54147774,0.15863524,0.76474077,0.07662398
mass.force.5.127@test.com_Lab2_Q4,4,2,0,2,0,2,0.05479128,0.052300744,0.892908,0.14237949,0.07551993,0.7821006
speed.energy.5.136@test.com_Lab2_Q4,4,2,1,1,2,2,0.059090134,0.06186303,0.8790468,0.052592345,0.7402172,0.20719035
speed.energy.5.724@test.com_Lab2_Q4,4,2,1,2,1,2,0.05243474,0.05291286,0.8946524,0.009087459,0.11765616,0.8732564
force.speed.1.523@test.com_Lab2_Q4,4,1,2,0,1,0,0.17924084,0.54494894,0.27581027,0.8645731,0.1122551,0.023171853
force.speed.1.436@test.com_Lab2_Q4,4,1,2,0,1,0,0.16868784,0.49337173,0.33794042,0.81794983,0.16447385,0.017576318
force.speed.1.256@test.com_Lab2_Q4,4,2,1,2,1,1,0.10666667,0.13064367,0.7626896,0.022210132,0.1585765,0.81921333
force.speed.1.808@test.com_Lab2_Q4,4,2,1,1,0,0,0.12209767,0.17709152,0.7008108,0.34630573,0.6363959,0.017298397
force.speed.1.511@test.com_Lab2_Q4,4,2,1,2,1,1,0.08677544,0.087947056,0.82527757,0.1035316,0.3910842,0.50538415
force.speed.1.709@test.com_Lab2_Q4,4,2,1,2,1,1,0.0804091,0.086407356,0.8331836,0.20393376,0.38248175,0.41358456
force.speed.1.925@test.com_Lab2_Q4,4,2,1,2,1,0,0.120358646,0.17244864,0.7071927,0.05627905,0.42333254,0.5203884
force.speed.1.784@test.com_Lab2_Q4,4,2,0,1,2,1,0.04322226,0.04067954,0.91609824,0.089278616,0.495472,0.41524932
force.speed.3.277@test.com_Lab2_Q4,4,2,1,2,1,1,0.06568328,0.07160768,0.862709,0.028557563,0.15556088,0.81588155
force.speed.3.388@test.com_Lab2_Q4,4,2,1,2,1,2,0.0652659,0.06617499,0.8685591,0.22271653,0.36539984,0.41188362
force.speed.3.496@test.com_Lab2_Q4,4,2,1,0,1,0,0.13021463,0.1797989,0.6899864,0.5842656,0.2872481,0.12848634
force.speed.3.790@test.com_Lab2_Q4,4,2,1,1,0,0,0.18002233,0.36209422,0.4578834,0.39886966,0.46611753,0.1350128
force.speed.3.853@test.com_Lab2_Q4,4,2,0,2,1,1,0.02772829,0.024453847,0.94781786,0.071387134,0.41205308,0.51655984
force.speed.3.835@test.com_Lab2_Q4,4,2,1,1,0,1,0.14720108,0.29861462,0.5541843,0.17096536,0.7841199,0.044914693
force.energy.4.658@test.com_Lab2_Q4,4,2,1,2,1,2,0.058348235,0.059354223,0.8822975,0.03543956,0.1444662,0.8200942
force.energy.4.133@test.com_Lab2_Q4,4,2,1,1,0,2,0.11845533,0.16588841,0.7156563,0.12067255,0.78993165,0.089395806
force.energy.4.637@test.com_Lab2_Q4,4,2,1,2,1,2,0.058348235,0.059354223,0.8822975,0.03543956,0.1444662,0.8200942
force.energy.4.664@test.com_Lab2_Q4,4,2,1,0,2,2,0.1350319,0.19201003,0.6729581,0.50686806,0.10103714,0.3920948
force.energy.4.796@test.com_Lab2_Q4,4,2,1,2,1,1,0.09980869,0.11151325,0.7886781,0.068586774,0.19218616,0.73922706
force.energy.4.496@test.com_Lab2_Q4,4,2,1,0,1,0,0.1282727,0.25662044,0.61510694,0.4868593,0.4382107,0.07493003
force.energy.4.493@test.com_Lab2_Q4,4,0,1,0,1,0,0.95926005,0.030248443,0.010491474,0.99041665,0.008064618,0.001518673
pe.ke.1.931@test.com_Lab2_Q4,4,2,0,2,1,1,0.034369823,0.030187698,0.9354425,0.022338405,0.2092691,0.76839244
pe.ke.1.838@test.com_Lab2_Q4,4,2,0,2,1,2,0.046635,0.04264105,0.9107239,0.012712293,0.0178724,0.96941525
pe.ke.3.832@test.com_Lab2_Q4,4,2,1,1,2,0,0.081926376,0.08317456,0.834899,0.112640634,0.54917717,0.33818218
pe.ke.3.970@test.com_Lab2_Q4,4,2,1,1,0,1,0.13515477,0.18684945,0.6779958,0.40741736,0.5813914,0.011191238
pe.ke.4.904@test.com_Lab2_Q4,4,1,0,1,2,0,0.28295293,0.44316977,0.27387732,0.100112095,0.75473666,0.1451512
pe.ke.4.307@test.com_Lab2_Q4,4,2,1,1,2,1,0.08454157,0.09336517,0.82209325,0.16150378,0.6662813,0.172215
pe.ke.4.841@test.com_Lab2_Q4,4,2,0,2,1,2,0.056671582,0.05575884,0.88756955,0.07865625,0.13400564,0.7873382
pe.ke.4.439@test.com_Lab2_Q4,4,2,1,2,1,1,0.19980629,0.27417105,0.5260226,0.13971592,0.37132296,0.48896104
pe.ke.4.109@test.com_Lab2_Q4,4,0,1,0,1,0,0.99999833,1.45E-06,1.92E-07,0.963209,0.033188067,0.003602902
pe.ke.4.583@test.com_Lab2_Q4,4,2,1,2,0,1,0.10523208,0.12327292,0.771495,0.13172783,0.12606356,0.7422086
pe.ke.4.238@test.com_Lab2_Q4,4,1,2,1,0,1,0.19901009,0.5062912,0.29469875,0.24428566,0.7414345,0.014279801
pe.ke.4.331@test.com_Lab2_Q4,4,1,2,2,0,1,0.20813902,0.4426717,0.34918928,0.29596052,0.14284317,0.5611963
mass.force.3.202@test.com_Lab3_Q3,5,2,0,0,1,2,0.021541284,0.016959859,0.9614988,0.5592471,0.34037304,0.10037993
mass.force.3.823@test.com_Lab3_Q3,5,2,0,2,0,2,0.012111022,0.008842932,0.9790461,0.03509909,0.005646158,0.95925474
mass.force.4.580@test.com_Lab3_Q3,5,2,0,2,0,2,0.02326087,0.018265218,0.9584739,0.025251696,0.018102836,0.9566455
mass.force.4.916@test.com_Lab3_Q3,5,2,0,2,0,2,0.030680878,0.024524396,0.94479465,0.034065936,0.007344676,0.9585894
mass.force.4.550@test.com_Lab3_Q3,5,2,0,2,0,2,0.017031875,0.013051346,0.9699168,0.076013766,0.015485773,0.90850043
mass.force.4.385@test.com_Lab3_Q3,5,2,0,2,0,2,0.023078386,0.017872438,0.9590491,0.05239539,0.009511625,0.938093
speed.energy.3.766@test.com_Lab3_Q3,5,2,0,2,0,2,0.017658316,0.013570381,0.9687713,0.070935614,0.021012165,0.9080522
speed.energy.3.946@test.com_Lab3_Q3,5,2,0,1,2,2,0.02803805,0.02310545,0.94885653,0.16241089,0.50547016,0.33211893
speed.energy.3.952@test.com_Lab3_Q3,5,2,0,2,0,2,0.022477133,0.017629119,0.9598937,0.046528723,0.04358484,0.9098864
speed.energy.3.907@test.com_Lab3_Q3,5,2,0,2,1,2,0.01843458,0.014022765,0.9675426,0.034284834,0.03603042,0.92968476
speed.energy.3.925@test.com_Lab3_Q3,5,2,0,2,0,2,0.014359929,0.010680774,0.97495925,0.05809541,0.027015645,0.914889
speed.energy.3.655@test.com_Lab3_Q3,5,2,0,2,1,2,0.012148351,0.008930696,0.978921,0.017680705,0.02050001,0.9618193
speed.energy.3.685@test.com_Lab3_Q3,5,2,0,2,0,2,0.0367475,0.030945856,0.93230665,0.15721643,0.010946612,0.83183694
speed.energy.3.931@test.com_Lab3_Q3,5,2,0,2,1,2,0.047253083,0.04127274,0.9114742,0.050037622,0.26330018,0.6866622
speed.energy.3.388@test.com_Lab3_Q3,5,2,0,0,1,0,0.06391104,0.060218398,0.8758705,0.7926073,0.18567394,0.021718806
speed.energy.3.715@test.com_Lab3_Q3,5,2,0,2,0,2,0.015135256,0.01140197,0.97346276,0.36188447,0.23837045,0.39974508
force.speed.2.937@test.com_Lab3_Q3,5,2,0,2,0,0,0.0239272,0.019912949,0.95615983,0.2590363,0.062071294,0.67889243
force.speed.2.910@test.com_Lab3_Q3,5,2,0,1,2,0,0.041663624,0.03647754,0.9218588,0.13592543,0.6174822,0.24659237
force.speed.2.991@test.com_Lab3_Q3,5,2,0,2,0,1,0.074810855,0.066641696,0.85854745,0.41830012,0.02913071,0.5525692
force.speed.2.913@test.com_Lab3_Q3,5,2,0,2,0,2,0.025471872,0.01989829,0.9546298,0.095928036,0.030847535,0.87322444
force.speed.2.721@test.com_Lab3_Q3,5,2,0,2,0,2,0.02041443,0.015656045,0.9639295,0.047895547,0.012003054,0.9401013
force.speed.2.394@test.com_Lab3_Q3,5,2,0,0,1,0,0.04050057,0.034140665,0.92535883,0.8756222,0.11593474,0.008443091
force.speed.2.460@test.com_Lab3_Q3,5,2,0,0,2,2,0.018598558,0.014344001,0.9670574,0.81131756,0.07220396,0.11647852
force.speed.2.652@test.com_Lab3_Q3,5,2,0,2,0,2,0.021572735,0.017014602,0.96141267,0.12886225,0.04771478,0.8234229
force.speed.2.772@test.com_Lab3_Q3,5,2,0,2,0,0,0.060410567,0.053601116,0.8859883,0.2323717,0.10059107,0.6670372
force.speed.3.604@test.com_Lab3_Q3,5,2,0,2,0,2,0.053799994,0.04500738,0.9011926,0.12668142,0.024591029,0.8487276
force.energy.3.121@test.com_Lab3_Q3,5,2,0,2,0,2,0.016531516,0.012684882,0.9707836,0.0938725,0.017009856,0.88911766
force.energy.3.244@test.com_Lab3_Q3,5,2,0,2,0,2,0.025584048,0.020272037,0.9541439,0.08590159,0.007507965,0.90659046
force.energy.3.466@test.com_Lab3_Q3,5,2,0,2,0,2,0.019772543,0.015092705,0.9651348,0.062948346,0.0455242,0.8915274
force.energy.3.316@test.com_Lab3_Q3,5,2,0,2,0,2,0.016677994,0.012602208,0.97071975,0.028432174,0.008953803,0.96261406
force.energy.3.304@test.com_Lab3_Q3,5,2,0,2,0,2,0.028266171,0.022966094,0.9487678,0.045709684,0.008489965,0.94580036
force.energy.3.718@test.com_Lab3_Q3,5,2,0,2,0,2,0.022057513,0.017469758,0.9604727,0.32324195,0.26208192,0.4146761
force.energy.4.493@test.com_Lab3_Q3,5,2,0,0,1,0,0.09613547,0.08864562,0.815219,0.4822255,0.46673638,0.05103812
pe.ke.1.931@test.com_Lab3_Q3,5,2,0,2,0,2,0.032936502,0.027388409,0.93967503,0.048750687,0.00961571,0.9416336
pe.ke.1.838@test.com_Lab3_Q3,5,2,0,2,0,2,0.035436593,0.02958874,0.93497473,0.062259536,0.03298244,0.90475804
pe.ke.1.529@test.com_Lab3_Q3,5,2,0,2,0,1,0.019335084,0.014955166,0.96570975,0.3952876,0.15057063,0.45414177
pe.ke.1.442@test.com_Lab3_Q3,5,2,0,2,1,0,0.022412887,0.01780089,0.9597862,0.052795667,0.40389284,0.54331154
pe.ke.1.853@test.com_Lab3_Q3,5,2,0,2,1,1,0.027063938,0.02183723,0.95109886,0.08021331,0.11985735,0.7999294
pe.ke.1.358@test.com_Lab3_Q3,5,2,0,2,0,2,0.01577466,0.011729458,0.97249585,0.014625041,0.006867935,0.97850704
pe.ke.1.733@test.com_Lab3_Q3,5,2,0,0,1,0,0.06351573,0.057114862,0.8793694,0.38412467,0.36913535,0.24673997
pe.ke.1.517@test.com_Lab3_Q3,5,2,0,2,0,2,0.01842933,0.013959941,0.9676107,0.048270352,0.020721719,0.931008
pe.ke.1.283@test.com_Lab3_Q3,5,2,0,2,0,1,0.020285584,0.015613087,0.9641013,0.09580962,0.07745523,0.82673514
speed.mass.1.361@test.com_Lab3_Q3,5,2,0,2,0,2,0.02145127,0.017046591,0.96150213,0.054431926,0.016261175,0.9293069
speed.mass.2.973@test.com_Lab3_Q3,5,2,0,2,0,2,0.012815933,0.009448651,0.9777354,0.01439503,0.010348486,0.97525644
speed.mass.2.937@test.com_Lab3_Q3,5,2,0,1,2,1,0.018931435,0.01474691,0.9663216,0.16385263,0.6458639,0.19028349
speed.mass.2.925@test.com_Lab3_Q3,5,2,0,0,1,0,0.04347853,0.038346414,0.91817504,0.5063228,0.4754694,0.018207762
speed.mass.2.433@test.com_Lab3_Q3,5,2,0,2,1,0,0.01982452,0.015406836,0.9647686,0.058625314,0.23642246,0.70495224
speed.mass.2.874@test.com_Lab3_Q3,5,2,0,2,1,1,0.018213943,0.014043392,0.9677426,0.054190382,0.060172204,0.8856374
speed.mass.2.127@test.com_Lab3_Q3,5,2,0,2,1,2,0.028049642,0.023209011,0.9487414,0.15503848,0.3126199,0.53234166
speed.mass.2.571@test.com_Lab3_Q3,5,2,0,2,0,2,0.023951605,0.01940458,0.9566438,0.27000654,0.029053457,0.70094
speed.mass.2.574@test.com_Lab3_Q3,5,2,0,2,1,2,0.013706493,0.01014031,0.97615325,0.014903043,0.019099625,0.96599734
speed.mass.2.859@test.com_Lab3_Q3,5,2,0,2,0,2,0.024075791,0.019532591,0.9563916,0.2411092,0.031036437,0.72785443
mass.force.3.202@test.com_Lab3_Q4,6,2,0,0,1,2,0.035212677,0.029780624,0.9350067,0.50605285,0.36265135,0.13129582
mass.force.3.823@test.com_Lab3_Q4,6,2,0,2,0,2,0.038447488,0.032634933,0.9289176,0.03023341,0.007955826,0.9618108
mass.force.4.580@test.com_Lab3_Q4,6,2,0,2,1,2,0.028952539,0.024094202,0.94695324,0.06944884,0.1316343,0.7989169
mass.force.4.916@test.com_Lab3_Q4,6,2,0,2,1,2,0.044534013,0.037892364,0.9175736,0.008731118,0.049670987,0.9415979
mass.force.4.550@test.com_Lab3_Q4,6,2,0,2,1,2,0.036289454,0.030469723,0.93324083,0.021552313,0.052340925,0.9261067
mass.force.4.385@test.com_Lab3_Q4,6,2,0,2,0,2,0.03705075,0.031630293,0.931319,0.055338822,0.021002457,0.9236588
speed.energy.3.766@test.com_Lab3_Q4,6,2,0,1,2,0,0.05898035,0.05629165,0.884728,0.06428716,0.5112154,0.4244974
speed.energy.3.946@test.com_Lab3_Q4,6,2,0,1,2,2,0.041956767,0.03574191,0.9223013,0.018177142,0.6284293,0.35339355
speed.energy.3.952@test.com_Lab3_Q4,6,2,0,2,1,2,0.043739185,0.036976166,0.9192847,0.029081995,0.062327802,0.9085902
speed.energy.3.907@test.com_Lab3_Q4,6,2,0,2,0,2,0.0201557,0.016025381,0.96381897,0.017612863,0.014359758,0.9680274
speed.energy.3.925@test.com_Lab3_Q4,6,2,0,2,1,0,0.15386906,0.14991453,0.69621634,0.07553343,0.16439639,0.7600702
speed.energy.3.655@test.com_Lab3_Q4,6,2,0,2,1,2,0.018472988,0.014055968,0.96747106,0.01910325,0.055667397,0.9252294
speed.energy.3.685@test.com_Lab3_Q4,6,2,0,2,0,2,0.04466966,0.03888947,0.9164409,0.12941173,0.009895968,0.86069226
speed.energy.3.931@test.com_Lab3_Q4,6,2,0,2,1,2,0.02104123,0.01627568,0.96268314,0.016702097,0.025881434,0.9574164
speed.energy.3.388@test.com_Lab3_Q4,6,2,1,0,1,0,0.15403676,0.18006237,0.6659009,0.7926073,0.18567394,0.021718806
speed.energy.3.715@test.com_Lab3_Q4,6,2,0,0,1,2,0.03554382,0.029504564,0.93495154,0.4887642,0.25583848,0.25539735
force.speed.2.937@test.com_Lab3_Q4,6,2,0,1,2,2,0.03431884,0.02870024,0.9369809,0.092920035,0.5014088,0.40567115
force.speed.2.910@test.com_Lab3_Q4,6,2,0,2,0,2,0.032099452,0.026417267,0.9414832,0.14647157,0.061360124,0.79216826
force.speed.2.991@test.com_Lab3_Q4,6,2,0,2,0,2,0.041258745,0.034701955,0.9240393,0.08673518,0.057815716,0.85544914
force.speed.2.913@test.com_Lab3_Q4,6,2,0,2,0,2,0.028867178,0.023578305,0.94755447,0.04240952,0.03633778,0.92125267
force.speed.2.721@test.com_Lab3_Q4,6,2,0,2,1,0,0.049338855,0.041130655,0.9095305,0.10606271,0.44303572,0.45090163
force.speed.2.460@test.com_Lab3_Q4,6,2,0,2,1,2,0.041129943,0.034748457,0.9241217,0.25336483,0.25535426,0.49128085
force.speed.2.652@test.com_Lab3_Q4,6,2,0,2,1,2,0.06628627,0.061155997,0.87255776,0.046869703,0.13167572,0.8214546
force.speed.3.604@test.com_Lab3_Q4,6,2,0,2,0,2,0.05675669,0.049429957,0.8938133,0.2387911,0.11438088,0.64682806
force.energy.3.121@test.com_Lab3_Q4,6,2,0,2,1,2,0.031666707,0.026397211,0.94193614,0.029677248,0.06347982,0.9068429
force.energy.3.244@test.com_Lab3_Q4,6,2,0,2,0,2,0.033645425,0.028054904,0.93829966,0.056691486,0.020418812,0.9228897
force.energy.3.466@test.com_Lab3_Q4,6,2,0,2,0,2,0.03929241,0.032713104,0.9279945,0.08468723,0.047485508,0.86782724
force.energy.3.316@test.com_Lab3_Q4,6,2,0,2,1,2,0.039464377,0.032830656,0.927705,0.013520787,0.01813406,0.9683452
force.energy.3.304@test.com_Lab3_Q4,6,2,0,2,0,2,0.044389766,0.03788494,0.9177253,0.045709684,0.008489965,0.94580036
force.energy.3.718@test.com_Lab3_Q4,6,2,0,0,1,2,0.04685903,0.041012645,0.9121283,0.40756497,0.3068343,0.28560075
force.energy.4.493@test.com_Lab3_Q4,6,2,0,1,0,0,0.07977385,0.07525157,0.8449745,0.21310319,0.7710768,0.015820026
pe.ke.1.931@test.com_Lab3_Q4,6,2,0,2,0,2,0.03312743,0.027266696,0.9396059,0.023754792,0.022095632,0.95414954
pe.ke.1.838@test.com_Lab3_Q4,6,2,0,2,1,2,0.016793892,0.012958489,0.9702477,0.06144761,0.0616935,0.8768589
pe.ke.1.529@test.com_Lab3_Q4,6,2,0,2,1,1,0.037201714,0.031211162,0.93158704,0.037381344,0.039770853,0.9228478
pe.ke.1.442@test.com_Lab3_Q4,6,2,0,2,0,2,0.052335758,0.04461064,0.90305364,0.03811017,0.010718858,0.951171
pe.ke.1.853@test.com_Lab3_Q4,6,2,0,2,1,1,0.0932877,0.09134051,0.81537175,0.08847377,0.14608546,0.76544076
pe.ke.1.358@test.com_Lab3_Q4,6,2,0,2,1,2,0.024987953,0.019681007,0.955331,0.0150319,0.028482677,0.95648545
pe.ke.1.733@test.com_Lab3_Q4,6,2,1,2,0,0,0.1411695,0.170462,0.68836844,0.11422589,0.096494384,0.78927976
pe.ke.1.517@test.com_Lab3_Q4,6,2,0,2,1,2,0.03598024,0.029331975,0.9346878,0.030596063,0.040256098,0.92914784
pe.ke.1.283@test.com_Lab3_Q4,6,2,0,2,0,2,0.058021437,0.050916675,0.8910619,0.032410048,0.018453026,0.9491369
speed.mass.1.361@test.com_Lab3_Q4,6,2,0,2,1,1,0.046675034,0.0405354,0.9127895,0.06631983,0.09129292,0.8423872
speed.mass.2.973@test.com_Lab3_Q4,6,2,0,2,0,2,0.02839541,0.022779347,0.9488253,0.023498962,0.010503434,0.9659976
speed.mass.2.937@test.com_Lab3_Q4,6,2,0,1,2,1,0.038117476,0.03196087,0.9299216,0.16385263,0.6458639,0.19028349
speed.mass.2.925@test.com_Lab3_Q4,6,2,0,2,1,2,0.037452627,0.031709224,0.9308381,0.09983976,0.39052176,0.5096385
speed.mass.2.433@test.com_Lab3_Q4,6,2,0,2,1,0,0.06752659,0.06140148,0.871072,0.08827676,0.3177131,0.5940102
speed.mass.2.874@test.com_Lab3_Q4,6,2,0,2,1,2,0.013836595,0.010270509,0.97589284,0.013033923,0.11246625,0.8744998
speed.mass.2.127@test.com_Lab3_Q4,6,2,1,1,0,0,0.12575775,0.13192704,0.74231523,0.12650232,0.7840681,0.08942958
speed.mass.2.571@test.com_Lab3_Q4,6,2,0,1,2,2,0.031157488,0.025780173,0.9430623,0.1829801,0.5461106,0.2709093
speed.mass.2.574@test.com_Lab3_Q4,6,2,1,2,0,2,0.12780988,0.13015479,0.7420353,0.093294494,0.043458022,0.86324745
speed.mass.2.859@test.com_Lab3_Q4,6,2,0,2,1,2,0.035744097,0.029930022,0.93432593,0.052589446,0.3041596,0.64325094
mass.force.5.322@test.com_Lab4_Q2,7,2,0,2,0,2,0.038589,0.03232929,0.9290817,0.023205416,0.017870247,0.95892435
mass.force.5.592@test.com_Lab4_Q2,7,2,0,2,0,2,0.018884623,0.014808469,0.9663069,0.03366856,0.005059797,0.96127164
mass.force.5.982@test.com_Lab4_Q2,7,2,0,2,0,2,0.031267285,0.025255315,0.94347745,0.042015765,0.006267807,0.9517165
mass.force.5.610@test.com_Lab4_Q2,7,2,0,1,2,1,0.09270211,0.09080379,0.8164941,0.13903724,0.60128057,0.25968224
mass.force.5.334@test.com_Lab4_Q2,7,2,0,2,1,2,0.024966192,0.019796424,0.9552374,0.024004089,0.054011554,0.9219843
mass.force.5.499@test.com_Lab4_Q2,7,2,0,2,0,1,0.043118235,0.036536276,0.92034554,0.07762395,0.035858378,0.8865177
force.speed.1.523@test.com_Lab4_Q2,7,0,1,0,1,0,0.8240359,0.12909603,0.046868008,0.84647673,0.1449209,0.008602448
force.speed.1.436@test.com_Lab4_Q2,7,0,1,2,1,2,0.5897472,0.23539513,0.17485772,0.18238026,0.22125778,0.59636194
force.speed.1.256@test.com_Lab4_Q2,7,2,0,2,1,2,0.086618125,0.08152131,0.83186054,0.0793263,0.17643191,0.7442418
force.speed.1.808@test.com_Lab4_Q2,7,0,1,0,1,0,0.97959304,0.014732889,0.005674112,0.9312465,0.044848833,0.023904746
force.speed.1.511@test.com_Lab4_Q2,7,2,0,2,0,2,0.01666312,0.012557027,0.9707799,0.022511194,0.009806653,0.9676821
force.speed.1.709@test.com_Lab4_Q2,7,2,0,2,0,2,0.032318227,0.02579944,0.9418823,0.05341008,0.010861248,0.93572867
force.speed.1.925@test.com_Lab4_Q2,7,2,0,2,1,2,0.033656616,0.027501376,0.93884206,0.041035548,0.38306203,0.5759024
force.speed.1.784@test.com_Lab4_Q2,7,2,0,2,0,0,0.11750182,0.11489393,0.76760423,0.18261176,0.09812975,0.7192585
force.speed.1.343@test.com_Lab4_Q2,7,2,0,0,1,1,0.08711879,0.07899011,0.83389115,0.39157647,0.34590366,0.26251987
force.speed.1.619@test.com_Lab4_Q2,7,2,0,2,1,1,0.06907027,0.059997726,0.870932,0.0786967,0.44306207,0.47824115
force.energy.2.730@test.com_Lab4_Q2,7,2,0,2,0,2,0.019672217,0.015169559,0.9651582,0.017516417,0.009677125,0.9728064
force.energy.2.634@test.com_Lab4_Q2,7,2,0,1,0,0,0.06502172,0.060271244,0.874707,0.4691965,0.49565858,0.035144858
force.energy.2.328@test.com_Lab4_Q2,7,2,0,2,0,2,0.071743235,0.062445063,0.8658117,0.101746015,0.04162303,0.8566309
force.energy.2.853@test.com_Lab4_Q2,7,2,0,1,0,2,0.038554307,0.032126904,0.92931885,0.12718713,0.82599837,0.046814494
force.energy.2.994@test.com_Lab4_Q2,7,2,0,2,1,2,0.031461142,0.025198292,0.9433406,0.017575603,0.025695989,0.9567284
force.energy.2.223@test.com_Lab4_Q2,7,2,0,2,1,2,0.017375115,0.013150505,0.9694744,0.013196464,0.036399767,0.9504038
force.energy.2.271@test.com_Lab4_Q2,7,2,0,2,1,2,0.047937863,0.04108202,0.9109801,0.036632806,0.05147102,0.9118962
force.energy.3.607@test.com_Lab4_Q2,7,2,0,2,1,2,0.031248942,0.025471807,0.94327927,0.015838215,0.088837296,0.8953244
force.energy.3.823@test.com_Lab4_Q2,7,2,0,2,1,2,0.12520458,0.12262674,0.7521687,0.04396067,0.43320075,0.52283853
force.energy.3.970@test.com_Lab4_Q2,7,2,0,2,0,2,0.02207204,0.017119661,0.96080834,0.04491539,0.014603592,0.940481
force.energy.4.496@test.com_Lab4_Q2,7,2,0,2,0,0,0.035656475,0.029799452,0.9345441,0.055763956,0.05485458,0.88938147
force.energy.4.493@test.com_Lab4_Q2,7,0,1,0,1,0,0.494675,0.36577523,0.1395498,0.8207446,0.1697875,0.009467906
pe.ke.1.931@test.com_Lab4_Q2,7,2,0,2,1,2,0.025431188,0.020253645,0.9543152,0.03220461,0.057300355,0.910495
pe.ke.1.838@test.com_Lab4_Q2,7,2,0,2,1,2,0.031629544,0.025939971,0.9424305,0.013059323,0.014433416,0.97250724
pe.ke.1.529@test.com_Lab4_Q2,7,2,1,1,0,2,0.16681771,0.23315585,0.6000264,0.33621156,0.59657073,0.06721775
pe.ke.1.442@test.com_Lab4_Q2,7,2,0,2,0,2,0.033432692,0.026978204,0.9395891,0.05435343,0.01248155,0.9331651
pe.ke.4.220@test.com_Lab4_Q2,7,2,0,2,0,2,0.09648917,0.08983403,0.81367683,0.047848,0.022697927,0.929454
pe.ke.4.100@test.com_Lab4_Q2,7,2,0,2,1,2,0.021140978,0.016494442,0.9623646,0.014406935,0.014762179,0.9708309
pe.ke.4.622@test.com_Lab4_Q2,7,2,0,2,0,2,0.036548946,0.03053316,0.93291783,0.03975544,0.023932545,0.93631196
speed.mass.1.805@test.com_Lab4_Q2,7,2,0,2,0,2,0.02452846,0.019288708,0.9561828,0.025422988,0.01563227,0.95894474
speed.mass.1.886@test.com_Lab4_Q2,7,2,1,1,2,2,0.1470188,0.16000956,0.69297165,0.102947794,0.6629544,0.2340978
speed.mass.1.664@test.com_Lab4_Q2,7,2,0,2,1,2,0.02305126,0.018234666,0.95871407,0.014732589,0.09418579,0.8910816
speed.mass.1.115@test.com_Lab4_Q2,7,2,1,1,2,2,0.11426052,0.11544396,0.77029556,0.078132726,0.6098939,0.31197333
speed.mass.1.337@test.com_Lab4_Q2,7,2,0,1,0,2,0.047930337,0.041171987,0.9108977,0.061613165,0.8819192,0.056467615
speed.mass.1.775@test.com_Lab4_Q2,7,2,0,2,0,2,0.024243262,0.01924009,0.9565166,0.020338537,0.016084183,0.9635773
speed.mass.1.682@test.com_Lab4_Q2,7,2,1,0,1,0,0.15012275,0.21504031,0.6348369,0.90671873,0.07936767,0.013913551
speed.mass.3.586@test.com_Lab4_Q2,7,2,0,1,0,2,0.05323642,0.045316145,0.9014474,0.09968299,0.80341065,0.096906334
speed.mass.3.847@test.com_Lab4_Q2,7,2,0,2,1,2,0.045284893,0.0399979,0.9147172,0.119362734,0.18552265,0.69511455
speed.mass.3.715@test.com_Lab4_Q2,7,2,0,2,1,2,0.024332723,0.019723104,0.9559442,0.014359745,0.06638765,0.9192526
speed.mass.3.289@test.com_Lab4_Q2,7,2,0,1,0,2,0.053803742,0.04583322,0.9003631,0.14768004,0.7504835,0.10183651
speed.mass.3.106@test.com_Lab4_Q2,7,2,0,1,0,0,0.086477675,0.08336768,0.83015466,0.2735813,0.71107846,0.015340354
speed.mass.3.784@test.com_Lab4_Q2,7,2,0,1,0,2,0.050351307,0.043468997,0.9061797,0.08166403,0.8911429,0.027193125
speed.mass.3.577@test.com_Lab4_Q2,7,2,0,2,0,2,0.03743032,0.030585146,0.9319845,0.053674065,0.031084297,0.91524166
speed.mass.3.202@test.com_Lab4_Q2,7,2,0,1,2,2,0.052443996,0.045177847,0.90237814,0.094165124,0.79115456,0.11468036
speed.mass.3.502@test.com_Lab4_Q2,7,2,0,1,2,2,0.0461884,0.039311327,0.9145003,0.20611832,0.5233457,0.27053595
speed.mass.3.736@test.com_Lab4_Q2,7,2,0,1,0,2,0.11660439,0.11069388,0.77270174,0.27261513,0.6928435,0.034541417
energy.mass.5.673@test.com_Lab5_Q2,8,2,0,2,0,2,0.14705275,0.14703996,0.7059073,0.10610908,0.016356068,0.8775348
energy.mass.5.214@test.com_Lab5_Q2,8,2,0,2,0,2,0.11159789,0.107872866,0.7805292,0.044071324,0.006434748,0.94949394
mass.force.1.784@test.com_Lab5_Q2,8,0,1,0,1,1,0.60807824,0.25534675,0.13657509,0.9521328,0.03426393,0.013603221
mass.force.1.169@test.com_Lab5_Q2,8,1,2,0,2,1,0.23722789,0.41099957,0.3517725,0.74394715,0.094602264,0.16145065
mass.force.1.745@test.com_Lab5_Q2,8,2,1,2,0,2,0.16544615,0.1720582,0.6624957,0.12626483,0.023147587,0.8505876
mass.force.1.817@test.com_Lab5_Q2,8,0,1,1,0,0,0.48791105,0.26140583,0.25068304,0.3923802,0.5442954,0.06332443
mass.force.1.646@test.com_Lab5_Q2,8,2,1,2,0,2,0.15302674,0.15882555,0.6881477,0.038302705,0.022634374,0.93906295
mass.force.1.874@test.com_Lab5_Q2,8,1,2,2,0,1,0.3177288,0.35092807,0.33134314,0.3251391,0.1571453,0.5177156
mass.force.1.595@test.com_Lab5_Q2,8,2,1,2,0,2,0.19757544,0.20648497,0.59593964,0.14526315,0.039439406,0.8152975
speed.energy.2.196@test.com_Lab5_Q2,8,2,1,2,0,1,0.14810906,0.14949185,0.70239913,0.056503978,0.008576546,0.9349195
speed.energy.2.319@test.com_Lab5_Q2,8,2,1,2,1,1,0.17911467,0.18090892,0.63997644,0.059203733,0.30634418,0.63445204
speed.energy.2.895@test.com_Lab5_Q2,8,0,1,0,2,1,0.47706375,0.29012668,0.23280962,0.431954,0.2802046,0.28784138
speed.energy.2.208@test.com_Lab5_Q2,8,0,1,0,1,0,0.68343246,0.20904216,0.10752532,0.957903,0.026204392,0.015892522
speed.energy.3.925@test.com_Lab5_Q2,8,2,1,2,0,2,0.18453692,0.19951363,0.61594945,0.10075543,0.008275257,0.89096934
speed.energy.3.685@test.com_Lab5_Q2,8,2,1,2,0,1,0.172974,0.1806759,0.6463501,0.13258368,0.010076544,0.8573398
speed.energy.3.931@test.com_Lab5_Q2,8,2,0,2,1,2,0.10460806,0.09968444,0.7957075,0.03692568,0.0454746,0.9175997
speed.energy.3.715@test.com_Lab5_Q2,8,0,1,1,0,0,0.47685364,0.27953815,0.24360816,0.26514164,0.7250848,0.009773589
speed.energy.3.175@test.com_Lab5_Q2,8,2,1,2,0,2,0.182382,0.19994342,0.6176746,0.34022117,0.034464117,0.6253147
speed.energy.3.679@test.com_Lab5_Q2,8,2,0,2,0,1,0.32658684,0.2843624,0.38905075,0.08768368,0.028756902,0.88355947
force.speed.1.784@test.com_Lab5_Q2,8,2,1,2,0,2,0.19080427,0.2017306,0.60746515,0.17921019,0.025812851,0.79497695
force.speed.1.343@test.com_Lab5_Q2,8,2,1,2,0,2,0.20561369,0.20993485,0.5844515,0.15517502,0.083516665,0.7613083
force.speed.1.619@test.com_Lab5_Q2,8,2,1,2,0,2,0.20530161,0.21859245,0.5761059,0.14353922,0.030134102,0.82632667
force.speed.1.133@test.com_Lab5_Q2,8,2,1,2,0,2,0.17607297,0.18302907,0.640898,0.22110072,0.06455165,0.71434766
force.speed.1.169@test.com_Lab5_Q2,8,2,1,2,0,2,0.16455397,0.17140426,0.6640418,0.15752158,0.041295912,0.80118257
force.speed.1.544@test.com_Lab5_Q2,8,0,2,1,0,0,0.3876829,0.29956254,0.31275454,0.41839415,0.4817425,0.09986336
force.speed.3.496@test.com_Lab5_Q2,8,2,1,2,0,2,0.16798162,0.17194507,0.66007334,0.1202753,0.03165117,0.8480735
force.speed.3.790@test.com_Lab5_Q2,8,2,1,2,1,2,0.15609442,0.16124217,0.68266344,0.029417625,0.09661532,0.873967
force.speed.3.853@test.com_Lab5_Q2,8,2,0,2,1,2,0.18160298,0.18050398,0.637893,0.021470288,0.084658,0.8938717
force.speed.3.835@test.com_Lab5_Q2,8,2,1,2,1,2,0.16677634,0.17119451,0.66202915,0.034935784,0.044466536,0.92059773
force.speed.3.601@test.com_Lab5_Q2,8,2,1,2,0,2,0.15443599,0.15835628,0.6872077,0.04413404,0.03982926,0.9160367
force.speed.3.979@test.com_Lab5_Q2,8,2,0,2,1,2,0.25383127,0.22954436,0.5166244,0.04246164,0.14405409,0.81348425
force.energy.3.121@test.com_Lab5_Q2,8,0,1,1,0,0,0.4973531,0.28597817,0.21666874,0.25485083,0.7266047,0.018544372
force.energy.3.244@test.com_Lab5_Q2,8,2,1,0,1,1,0.28101972,0.2869874,0.43199292,0.78540003,0.1609236,0.05367636
force.energy.3.466@test.com_Lab5_Q2,8,0,1,0,1,0,1,9.68E-09,9.45E-10,0.9900253,0.007983132,0.001991545
force.energy.3.316@test.com_Lab5_Q2,8,2,1,2,0,2,0.16022085,0.16225451,0.6775247,0.095636494,0.014280436,0.890083
force.energy.3.304@test.com_Lab5_Q2,8,2,0,0,2,2,0.2869562,0.25013724,0.4629066,0.5418608,0.054569732,0.40356943
force.energy.3.718@test.com_Lab5_Q2,8,0,1,0,2,2,0.46627682,0.30793804,0.22578515,0.56252676,0.08585235,0.35162088
force.energy.3.643@test.com_Lab5_Q2,8,0,1,0,1,2,0.45989335,0.2955567,0.24454996,0.8149687,0.15278575,0.03224553
force.energy.3.976@test.com_Lab5_Q2,8,2,1,2,0,2,0.20044738,0.21551406,0.58403856,0.3098509,0.1852223,0.50492686
force.energy.3.205@test.com_Lab5_Q2,8,2,1,0,1,1,0.28101972,0.2869874,0.43199292,0.78540003,0.1609236,0.05367636
force.energy.3.550@test.com_Lab5_Q2,8,0,1,0,1,2,0.4580596,0.29522246,0.24671786,0.8687401,0.103467815,0.027792098
pe.ke.2.289@test.com_Lab5_Q2,8,2,0,2,1,2,0.15390056,0.15352935,0.69257003,0.035894334,0.048227984,0.9158777
pe.ke.2.574@test.com_Lab5_Q2,8,2,1,2,1,1,0.2047447,0.2088577,0.5863976,0.18605796,0.3817984,0.43214372
pe.ke.2.274@test.com_Lab5_Q2,8,2,0,2,0,1,0.22890091,0.22244528,0.5486538,0.17922212,0.05014514,0.7706327
pe.ke.2.556@test.com_Lab5_Q2,8,2,0,2,0,1,0.1393636,0.13840963,0.72222674,0.046184678,0.012998038,0.94081724
pe.ke.2.355@test.com_Lab5_Q2,8,2,1,2,0,2,0.15873931,0.16142981,0.67983085,0.059090752,0.014734323,0.92617494
pe.ke.2.553@test.com_Lab5_Q2,8,2,1,2,0,2,0.19938593,0.21327865,0.58733547,0.22831999,0.02325761,0.7484224
pe.ke.2.916@test.com_Lab5_Q2,8,2,0,2,1,2,0.14799042,0.14417525,0.7078343,0.02280504,0.2552726,0.7219224
pe.ke.3.652@test.com_Lab5_Q2,8,0,1,2,1,1,0.4367609,0.28540525,0.27783385,0.01994642,0.19292557,0.787128
pe.ke.3.697@test.com_Lab5_Q2,8,2,0,2,0,1,0.17652862,0.17441383,0.64905757,0.055977713,0.023645617,0.9203767