a_id,q_id,predict_label,next_high_class,truth_label,prob_incorrect,prob_partial_correct,prob_correct
force.energy.1.358@test.com_Lab1_Q1,0,2,1,2,0.16186813,0.17000389,0.66812795
force.energy.1.640@test.com_Lab1_Q1,0,0,1,0,0.936599,0.058387116,0.0050138216
force.energy.1.196@test.com_Lab1_Q1,0,1,0,2,0.15418091,0.71954894,0.12627019
force.energy.1.409@test.com_Lab1_Q1,0,2,0,2,0.03543899,0.016562069,0.947999
force.energy.1.946@test.com_Lab1_Q1,0,2,0,2,0.046597764,0.033895794,0.9195065
force.energy.1.859@test.com_Lab1_Q1,0,2,1,2,0.014038325,0.04266106,0.9433006
force.energy.1.103@test.com_Lab1_Q1,0,2,0,2,0.09294128,0.034264505,0.8727943
force.energy.1.484@test.com_Lab1_Q1,0,2,1,2,0.04046354,0.31398118,0.6455553
force.energy.4.664@test.com_Lab1_Q1,0,2,0,2,0.16369541,0.017002985,0.8193016
force.energy.4.796@test.com_Lab1_Q1,0,2,0,2,0.03361526,0.012926081,0.9534586
force.energy.4.496@test.com_Lab1_Q1,0,2,0,2,0.34748474,0.17547049,0.47704476
force.energy.4.493@test.com_Lab1_Q1,0,0,1,0,0.65754014,0.3343871,0.008072678
pe.ke.1.931@test.com_Lab1_Q1,0,2,1,2,0.020157203,0.16953522,0.81030756
pe.ke.1.838@test.com_Lab1_Q1,0,2,0,2,0.04246517,0.009698226,0.94783664
pe.ke.1.529@test.com_Lab1_Q1,0,0,1,0,0.47938174,0.29616278,0.22445548
pe.ke.1.442@test.com_Lab1_Q1,0,2,0,2,0.06846372,0.009376585,0.9221597
pe.ke.1.853@test.com_Lab1_Q1,0,2,0,2,0.08620344,0.037399024,0.8763975
pe.ke.1.358@test.com_Lab1_Q1,0,2,0,2,0.025761373,0.018456211,0.9557824
pe.ke.2.487@test.com_Lab1_Q1,0,2,1,0,0.023152465,0.044453863,0.93239367
pe.ke.2.112@test.com_Lab1_Q1,0,2,0,2,0.053248744,0.03093697,0.9158143
pe.ke.2.211@test.com_Lab1_Q1,0,2,0,2,0.025256671,0.0057615754,0.9689818
pe.ke.2.607@test.com_Lab1_Q1,0,2,0,2,0.047392122,0.011115533,0.9414923
pe.ke.2.562@test.com_Lab1_Q1,0,2,1,2,0.011490995,0.140474,0.84803504
pe.ke.2.289@test.com_Lab1_Q1,0,2,1,2,0.015701678,0.053308804,0.93098944
pe.ke.2.574@test.com_Lab1_Q1,0,2,0,2,0.031142643,0.018100733,0.95075655
pe.ke.2.274@test.com_Lab1_Q1,0,2,0,2,0.028764443,0.007951923,0.9632836
pe.ke.2.556@test.com_Lab1_Q1,0,2,0,2,0.012514735,0.012397376,0.9750879
pe.ke.2.355@test.com_Lab1_Q1,0,2,0,2,0.017219685,0.0052447603,0.97753555
pe.ke.3.970@test.com_Lab1_Q1,0,2,1,2,0.056367286,0.21574646,0.72788626
pe.ke.4.904@test.com_Lab1_Q1,0,2,1,2,0.07880362,0.2587822,0.66241413
pe.ke.4.307@test.com_Lab1_Q1,0,2,0,2,0.2780909,0.07473539,0.64717364
pe.ke.4.841@test.com_Lab1_Q1,0,2,1,2,0.024792818,0.03536676,0.93984044
pe.ke.4.439@test.com_Lab1_Q1,0,2,0,2,0.048695292,0.033074867,0.9182298
pe.ke.4.109@test.com_Lab1_Q1,0,2,0,2,0.2407963,0.18203297,0.5771708
pe.ke.4.583@test.com_Lab1_Q1,0,2,0,2,0.024880828,0.009196784,0.96592236
pe.ke.4.238@test.com_Lab1_Q1,0,2,0,2,0.32234618,0.30978143,0.3678724
speed.mass.2.937@test.com_Lab1_Q1,0,1,0,2,0.3267334,0.39463478,0.27863184
speed.mass.2.991@test.com_Lab1_Q1,0,1,2,0,0.13269697,0.7130418,0.15426122
speed.mass.2.925@test.com_Lab1_Q1,0,2,0,2,0.33457303,0.13519563,0.53023136
speed.mass.2.934@test.com_Lab1_Q1,0,2,0,2,0.04352948,0.022450982,0.93401957
speed.mass.2.433@test.com_Lab1_Q1,0,2,0,0,0.0897041,0.04841435,0.86188155
speed.mass.2.874@test.com_Lab1_Q1,0,1,2,2,0.077474125,0.5641758,0.3583501
speed.mass.2.127@test.com_Lab1_Q1,0,2,1,2,0.07452745,0.24484591,0.6806267
speed.mass.2.571@test.com_Lab1_Q1,0,1,0,2,0.21052079,0.64189726,0.14758196
speed.mass.2.574@test.com_Lab1_Q1,0,2,1,2,0.023218552,0.03259186,0.9441896
speed.mass.2.859@test.com_Lab1_Q1,0,1,2,2,0.1574762,0.42805892,0.41446486
speed.mass.2.493@test.com_Lab1_Q1,0,1,2,0,0.097917534,0.7105798,0.19150262
speed.mass.3.289@test.com_Lab1_Q1,0,2,0,2,0.085076235,0.02446385,0.89045995
speed.mass.3.106@test.com_Lab1_Q1,0,2,1,1,0.03847045,0.17451118,0.7870183
speed.mass.3.784@test.com_Lab1_Q1,0,1,2,2,0.08519435,0.82619077,0.0886149
speed.mass.3.577@test.com_Lab1_Q1,0,2,0,1,0.046160925,0.0133236805,0.94051534
speed.mass.3.202@test.com_Lab1_Q1,0,2,0,2,0.05841725,0.008193957,0.9333888
speed.mass.3.736@test.com_Lab1_Q1,0,1,2,2,0.09227386,0.72462755,0.18309861
speed.mass.3.760@test.com_Lab1_Q1,0,2,0,2,0.085570276,0.014090683,0.900339
speed.mass.3.679@test.com_Lab1_Q1,0,2,1,2,0.02269135,0.08321373,0.89409494
speed.mass.3.931@test.com_Lab1_Q1,0,0,1,0,0.8134308,0.1281073,0.05846188
force.energy.1.358@test.com_Lab1_Q2,1,1,2,1,0.10363221,0.7391222,0.15724558
force.energy.1.196@test.com_Lab1_Q2,1,1,0,2,0.42610994,0.5378363,0.036053788
force.energy.1.409@test.com_Lab1_Q2,1,2,0,2,0.056002315,0.026377557,0.9176201
force.energy.1.946@test.com_Lab1_Q2,1,2,1,1,0.093722366,0.32987562,0.576402
force.energy.1.859@test.com_Lab1_Q2,1,1,2,1,0.06700141,0.7892569,0.14374171
force.energy.1.103@test.com_Lab1_Q2,1,0,1,0,0.65531546,0.28675434,0.057930205
force.energy.1.484@test.com_Lab1_Q2,1,1,0,1,0.47611296,0.494265,0.029622076
force.energy.4.664@test.com_Lab1_Q2,1,1,0,2,0.18174997,0.6761766,0.14207335
force.energy.4.796@test.com_Lab1_Q2,1,2,1,1,0.14674231,0.20608093,0.64717674
force.energy.4.496@test.com_Lab1_Q2,1,0,1,0,0.43412155,0.3565906,0.20928779
force.energy.4.493@test.com_Lab1_Q2,1,0,1,0,0.85167474,0.13888863,0.00943657
pe.ke.1.931@test.com_Lab1_Q2,1,2,1,1,0.047281418,0.3747286,0.57799
pe.ke.1.838@test.com_Lab1_Q2,1,2,1,2,0.015776526,0.2881822,0.6960413
pe.ke.1.529@test.com_Lab1_Q2,1,2,0,0,0.3122292,0.041664917,0.6461059
pe.ke.1.442@test.com_Lab1_Q2,1,0,1,0,0.9245438,0.0631451,0.01231105
pe.ke.1.853@test.com_Lab1_Q2,1,0,1,1,0.8949774,0.09168575,0.013336872
pe.ke.1.358@test.com_Lab1_Q2,1,2,1,1,0.03212363,0.043979593,0.9238968
pe.ke.2.487@test.com_Lab1_Q2,1,1,2,1,0.081458926,0.6961501,0.22239095
pe.ke.2.112@test.com_Lab1_Q2,1,2,1,1,0.038486883,0.2493892,0.71212393
pe.ke.2.211@test.com_Lab1_Q2,1,2,1,2,0.03398009,0.3660061,0.6000138
pe.ke.2.607@test.com_Lab1_Q2,1,2,1,0,0.113620214,0.2978937,0.5884861
pe.ke.2.562@test.com_Lab1_Q2,1,1,0,0,0.34486732,0.63506573,0.020066926
pe.ke.2.289@test.com_Lab1_Q2,1,2,1,1,0.012014924,0.032110948,0.95587415
pe.ke.2.574@test.com_Lab1_Q2,1,2,1,1,0.034007203,0.20654003,0.7594527
pe.ke.2.274@test.com_Lab1_Q2,1,2,0,1,0.09639914,0.018218989,0.8853819
pe.ke.2.556@test.com_Lab1_Q2,1,2,1,1,0.008855911,0.12980585,0.8613382
pe.ke.2.355@test.com_Lab1_Q2,1,2,1,1,0.015105477,0.025315104,0.95957947
pe.ke.3.970@test.com_Lab1_Q2,1,0,1,0,0.6651584,0.27447668,0.06036497
pe.ke.4.904@test.com_Lab1_Q2,1,0,1,0,0.9904873,0.0074300426,0.0020827777
pe.ke.4.307@test.com_Lab1_Q2,1,2,1,0,0.07457373,0.17299482,0.7524314
pe.ke.4.841@test.com_Lab1_Q2,1,2,1,1,0.05831766,0.42159623,0.5200861
pe.ke.4.439@test.com_Lab1_Q2,1,2,1,1,0.029497761,0.23840407,0.73209816
pe.ke.4.109@test.com_Lab1_Q2,1,1,0,0,0.305926,0.39194715,0.3021268
pe.ke.4.583@test.com_Lab1_Q2,1,1,0,1,0.17525794,0.7249269,0.099815264
pe.ke.4.238@test.com_Lab1_Q2,1,1,2,1,0.06750142,0.7151585,0.21734
speed.mass.2.937@test.com_Lab1_Q2,1,1,2,0,0.06300591,0.7161535,0.2208406
speed.mass.2.991@test.com_Lab1_Q2,1,1,2,1,0.09846066,0.8006389,0.100900404
speed.mass.2.925@test.com_Lab1_Q2,1,1,0,1,0.10029425,0.86655927,0.033146445
speed.mass.2.934@test.com_Lab1_Q2,1,1,2,1,0.04725344,0.8426511,0.1100954
speed.mass.2.433@test.com_Lab1_Q2,1,1,2,0,0.12429274,0.7316262,0.14408106
speed.mass.2.874@test.com_Lab1_Q2,1,1,2,1,0.071122095,0.5680302,0.3608478
speed.mass.2.127@test.com_Lab1_Q2,1,0,1,0,0.83244294,0.1566249,0.010932231
speed.mass.2.571@test.com_Lab1_Q2,1,2,1,1,0.084239475,0.33453435,0.58122617
speed.mass.2.574@test.com_Lab1_Q2,1,0,1,0,0.9229604,0.07282254,0.0042170654
speed.mass.2.859@test.com_Lab1_Q2,1,0,1,1,0.7879424,0.1596851,0.052372497
speed.mass.2.493@test.com_Lab1_Q2,1,1,0,0,0.20547292,0.76636094,0.028166156
speed.mass.3.289@test.com_Lab1_Q2,1,1,2,1,0.085978016,0.7368,0.17722201
speed.mass.3.106@test.com_Lab1_Q2,1,0,1,0,0.50394064,0.4385107,0.05754862
speed.mass.3.784@test.com_Lab1_Q2,1,1,0,1,0.13327707,0.7537569,0.11296604
speed.mass.3.577@test.com_Lab1_Q2,1,1,0,1,0.123157226,0.814774,0.06206882
speed.mass.3.202@test.com_Lab1_Q2,1,1,2,1,0.091957636,0.77605134,0.13199101
speed.mass.3.760@test.com_Lab1_Q2,1,0,1,0,0.46868566,0.4628912,0.06842312
speed.mass.3.679@test.com_Lab1_Q2,1,1,2,2,0.02785148,0.8262727,0.14587577
speed.mass.3.931@test.com_Lab1_Q2,1,0,1,0,0.97381973,0.018515565,0.0076647885
force.energy.1.358@test.com_Lab1_Q4,2,2,1,0,0.06792036,0.09145022,0.8406294
force.energy.1.640@test.com_Lab1_Q4,2,0,1,0,0.8741945,0.11643783,0.009367653
force.energy.1.196@test.com_Lab1_Q4,2,2,0,1,0.08440722,0.023217766,0.892375
force.energy.1.409@test.com_Lab1_Q4,2,0,1,0,0.565405,0.30950287,0.12509209
force.energy.1.946@test.com_Lab1_Q4,2,2,1,1,0.04030439,0.20053506,0.7591606
force.energy.1.859@test.com_Lab1_Q4,2,1,2,0,0.05977984,0.51021254,0.43000764
force.energy.1.103@test.com_Lab1_Q4,2,0,1,0,0.7583061,0.22870034,0.012993561
force.energy.1.484@test.com_Lab1_Q4,2,2,1,1,0.046937402,0.11118501,0.8418776
force.energy.4.664@test.com_Lab1_Q4,2,1,0,0,0.20155248,0.7401515,0.058295988
force.energy.4.796@test.com_Lab1_Q4,2,1,2,1,0.14659981,0.45674467,0.39665547
force.energy.4.496@test.com_Lab1_Q4,2,1,0,2,0.44790432,0.47656685,0.07552878
force.energy.4.493@test.com_Lab1_Q4,2,0,1,0,0.49820516,0.45350447,0.04829037
pe.ke.1.931@test.com_Lab1_Q4,2,2,1,2,0.03461792,0.28551966,0.67986244
pe.ke.1.838@test.com_Lab1_Q4,2,0,1,1,0.7713527,0.20510279,0.023544505
pe.ke.1.529@test.com_Lab1_Q4,2,0,1,1,0.94959205,0.04002357,0.010384409
pe.ke.1.442@test.com_Lab1_Q4,2,0,1,0,0.85689837,0.13884965,0.004252011
pe.ke.1.853@test.com_Lab1_Q4,2,1,0,0,0.19317546,0.70677125,0.100053266
pe.ke.1.358@test.com_Lab1_Q4,2,2,1,1,0.051341906,0.38421124,0.56444687
pe.ke.2.487@test.com_Lab1_Q4,2,1,2,2,0.07399971,0.5151572,0.41084304
pe.ke.2.112@test.com_Lab1_Q4,2,2,1,1,0.25334084,0.32209507,0.4245641
pe.ke.2.211@test.com_Lab1_Q4,2,1,0,1,0.31325957,0.48828828,0.19845214
pe.ke.2.607@test.com_Lab1_Q4,2,1,2,1,0.06104447,0.6232584,0.31569713
pe.ke.2.562@test.com_Lab1_Q4,2,2,1,2,0.1273803,0.35609213,0.51652765
pe.ke.2.289@test.com_Lab1_Q4,2,1,0,1,0.22234508,0.5890951,0.18855985
pe.ke.2.574@test.com_Lab1_Q4,2,2,1,2,0.041722856,0.26557708,0.6927
pe.ke.2.274@test.com_Lab1_Q4,2,1,0,1,0.47424033,0.47549054,0.0502691
pe.ke.2.556@test.com_Lab1_Q4,2,2,1,1,0.02446885,0.090411305,0.8851198
pe.ke.2.355@test.com_Lab1_Q4,2,1,2,1,0.09880699,0.49666744,0.4045256
pe.ke.3.970@test.com_Lab1_Q4,2,0,1,0,0.54438657,0.37876362,0.07684985
pe.ke.4.904@test.com_Lab1_Q4,2,0,1,0,0.8625276,0.09437342,0.04309897
pe.ke.4.307@test.com_Lab1_Q4,2,2,1,1,0.04739619,0.10002415,0.85257965
pe.ke.4.841@test.com_Lab1_Q4,2,1,0,0,0.12515585,0.8288658,0.04597833
pe.ke.4.439@test.com_Lab1_Q4,2,1,2,1,0.08843241,0.4699792,0.4415884
pe.ke.4.109@test.com_Lab1_Q4,2,0,1,0,0.874566,0.08979705,0.035636965
pe.ke.4.583@test.com_Lab1_Q4,2,1,0,0,0.39565045,0.54246074,0.061888788
pe.ke.4.238@test.com_Lab1_Q4,2,1,2,1,0.113724574,0.66092473,0.22535072
speed.mass.2.937@test.com_Lab1_Q4,2,1,2,2,0.04357755,0.6878597,0.26856273
speed.mass.2.991@test.com_Lab1_Q4,2,1,0,0,0.3890237,0.60068965,0.010286688
speed.mass.2.925@test.com_Lab1_Q4,2,1,2,1,0.11994926,0.5529025,0.3271482
speed.mass.2.934@test.com_Lab1_Q4,2,1,0,0,0.2491864,0.5251109,0.22570273
speed.mass.2.433@test.com_Lab1_Q4,2,1,0,0,0.1033448,0.88452566,0.012129458
speed.mass.2.874@test.com_Lab1_Q4,2,1,0,2,0.28933036,0.58742434,0.12324532
speed.mass.2.127@test.com_Lab1_Q4,2,0,1,0,0.63074136,0.35846582,0.010792898
speed.mass.2.571@test.com_Lab1_Q4,2,0,1,1,0.6555718,0.3290323,0.015395951
speed.mass.2.859@test.com_Lab1_Q4,2,1,2,1,0.22426368,0.49096942,0.2847669
speed.mass.2.493@test.com_Lab1_Q4,2,1,0,1,0.28480032,0.7016346,0.013565027
speed.mass.3.289@test.com_Lab1_Q4,2,1,0,0,0.282722,0.5444127,0.17286535
speed.mass.3.106@test.com_Lab1_Q4,2,1,0,0,0.2832659,0.50679046,0.2099436
speed.mass.3.784@test.com_Lab1_Q4,2,1,0,0,0.08588272,0.9027816,0.011335572
speed.mass.3.577@test.com_Lab1_Q4,2,2,1,1,0.046888996,0.33620712,0.61690396
speed.mass.3.202@test.com_Lab1_Q4,2,1,2,0,0.1454914,0.62758607,0.2269225
speed.mass.3.736@test.com_Lab1_Q4,2,0,1,0,0.85842913,0.12071165,0.020859174
speed.mass.3.760@test.com_Lab1_Q4,2,1,2,0,0.08491359,0.6886248,0.22646165
speed.mass.3.679@test.com_Lab1_Q4,2,1,0,2,0.039004367,0.949994,0.011001631
energy.mass.4.754@test.com_Lab2_Q3,3,2,0,2,0.071796656,0.022249602,0.90595376
energy.mass.4.211@test.com_Lab2_Q3,3,2,1,1,0.14345248,0.28482425,0.5717232
energy.mass.5.256@test.com_Lab2_Q3,3,1,0,0,0.26468992,0.71508914,0.020220852
energy.mass.5.619@test.com_Lab2_Q3,3,2,0,2,0.0579402,0.016066246,0.92599356
energy.mass.5.634@test.com_Lab2_Q3,3,1,2,1,0.05869474,0.5172757,0.42402956
energy.mass.5.397@test.com_Lab2_Q3,3,1,2,0,0.09888974,0.6763168,0.22479348
mass.force.4.451@test.com_Lab2_Q3,3,2,1,2,0.029123079,0.30526608,0.66561085
mass.force.4.229@test.com_Lab2_Q3,3,1,0,2,0.071805604,0.8756453,0.052549124
mass.force.4.463@test.com_Lab2_Q3,3,1,0,0,0.17228466,0.78020144,0.047513835
mass.force.4.274@test.com_Lab2_Q3,3,1,0,1,0.36909312,0.5679274,0.06297948
mass.force.4.160@test.com_Lab2_Q3,3,1,0,1,0.25672886,0.73686427,0.006406855
mass.force.4.310@test.com_Lab2_Q3,3,2,1,2,0.05521588,0.46788135,0.4769028
mass.force.4.367@test.com_Lab2_Q3,3,1,0,1,0.44917783,0.5430056,0.007816566
mass.force.5.979@test.com_Lab2_Q3,3,1,2,0,0.060660534,0.5258849,0.4134546
speed.energy.5.136@test.com_Lab2_Q3,3,0,1,0,0.62852716,0.31787306,0.053599726
speed.energy.5.724@test.com_Lab2_Q3,3,1,0,0,0.23070288,0.73239946,0.036897693
force.speed.1.523@test.com_Lab2_Q3,3,0,1,0,0.55050063,0.41451788,0.034981508
force.speed.1.436@test.com_Lab2_Q3,3,1,0,1,0.4599512,0.52387226,0.016176524
force.speed.1.256@test.com_Lab2_Q3,3,2,1,2,0.035914123,0.2931079,0.67097795
force.speed.1.808@test.com_Lab2_Q3,3,1,0,0,0.2476375,0.59841824,0.15394425
force.speed.1.511@test.com_Lab2_Q3,3,2,1,0,0.018176546,0.11850418,0.8633192
force.speed.1.709@test.com_Lab2_Q3,3,0,1,0,0.65279233,0.23430195,0.11290566
force.speed.1.925@test.com_Lab2_Q3,3,2,1,1,0.023852343,0.34768003,0.6284676
force.speed.1.784@test.com_Lab2_Q3,3,2,1,1,0.02636747,0.2671585,0.706474
force.speed.3.277@test.com_Lab2_Q3,3,1,2,1,0.09982059,0.75657225,0.14360717
force.speed.3.388@test.com_Lab2_Q3,3,2,0,2,0.06441758,0.057884026,0.8776984
force.speed.3.496@test.com_Lab2_Q3,3,1,2,2,0.14324589,0.50888866,0.3478655
force.speed.3.790@test.com_Lab2_Q3,3,1,2,0,0.18789051,0.55008274,0.26202676
force.speed.3.853@test.com_Lab2_Q3,3,2,0,0,0.13723657,0.021934088,0.8408294
force.speed.3.835@test.com_Lab2_Q3,3,1,0,1,0.33628157,0.38496038,0.27875805
force.energy.4.658@test.com_Lab2_Q3,3,2,1,1,0.018718502,0.17233437,0.80894715
force.energy.4.133@test.com_Lab2_Q3,3,2,1,0,0.10321494,0.1459997,0.75078535
force.energy.4.637@test.com_Lab2_Q3,3,2,1,1,0.022461819,0.17787011,0.79966813
force.energy.4.664@test.com_Lab2_Q3,3,1,2,0,0.2026908,0.49951792,0.29779133
force.energy.4.796@test.com_Lab2_Q3,3,2,1,2,0.07068608,0.30258447,0.6267294
force.energy.4.496@test.com_Lab2_Q3,3,1,2,2,0.09437709,0.5336069,0.37201604
force.energy.4.493@test.com_Lab2_Q3,3,0,1,0,0.8982862,0.093213126,0.008500606
pe.ke.1.931@test.com_Lab2_Q3,3,1,2,0,0.15346725,0.6256127,0.22092009
pe.ke.1.838@test.com_Lab2_Q3,3,2,0,1,0.021095535,0.015201447,0.96370304
pe.ke.3.832@test.com_Lab2_Q3,3,1,0,0,0.430228,0.5051371,0.06463495
pe.ke.3.970@test.com_Lab2_Q3,3,1,0,0,0.12440425,0.86506957,0.010526229
pe.ke.4.904@test.com_Lab2_Q3,3,0,1,0,0.48008516,0.47470066,0.045214076
pe.ke.4.307@test.com_Lab2_Q3,3,1,0,0,0.38045135,0.6153248,0.0042238613
pe.ke.4.841@test.com_Lab2_Q3,3,0,1,2,0.5665385,0.34205163,0.09140987
pe.ke.4.439@test.com_Lab2_Q3,3,1,2,1,0.08932891,0.66760314,0.243068
pe.ke.4.109@test.com_Lab2_Q3,3,0,1,0,0.9744785,0.020235658,0.005285871
pe.ke.4.583@test.com_Lab2_Q3,3,1,0,0,0.3632645,0.53338647,0.10334903
pe.ke.4.238@test.com_Lab2_Q3,3,0,1,0,0.70925593,0.21862398,0.072120115
pe.ke.4.331@test.com_Lab2_Q3,3,0,1,0,0.8413346,0.14403379,0.014631626
energy.mass.4.754@test.com_Lab2_Q4,4,2,0,2,0.08740421,0.018122634,0.89447314
energy.mass.4.211@test.com_Lab2_Q4,4,2,0,2,0.040667705,0.023442864,0.9358894
energy.mass.5.256@test.com_Lab2_Q4,4,2,1,0,0.08410555,0.12322398,0.7926705
energy.mass.5.619@test.com_Lab2_Q4,4,1,2,2,0.10641703,0.75539833,0.1381847
energy.mass.5.634@test.com_Lab2_Q4,4,1,2,1,0.117831826,0.44917202,0.43299612
energy.mass.5.397@test.com_Lab2_Q4,4,1,2,1,0.0732381,0.715728,0.21103394
mass.force.4.451@test.com_Lab2_Q4,4,1,2,1,0.09310973,0.6557154,0.2511749
mass.force.4.229@test.com_Lab2_Q4,4,1,0,1,0.1616447,0.7942708,0.044084426
mass.force.4.463@test.com_Lab2_Q4,4,2,0,1,0.105773814,0.049025267,0.8452009
mass.force.4.274@test.com_Lab2_Q4,4,2,1,0,0.12423619,0.20988688,0.6658769
mass.force.4.160@test.com_Lab2_Q4,4,0,1,1,0.5206591,0.4331185,0.046222445
mass.force.4.310@test.com_Lab2_Q4,4,2,1,1,0.039257366,0.2147122,0.74603045
mass.force.4.367@test.com_Lab2_Q4,4,2,1,1,0.13405965,0.39171398,0.47422642
mass.force.5.979@test.com_Lab2_Q4,4,1,0,1,0.15863524,0.76474077,0.07662398
mass.force.5.127@test.com_Lab2_Q4,4,2,0,2,0.14237949,0.07551993,0.7821006
speed.energy.5.136@test.com_Lab2_Q4,4,1,2,2,0.052592345,0.7402172,0.20719035
speed.energy.5.724@test.com_Lab2_Q4,4,2,1,2,0.009087459,0.11765616,0.8732564
force.speed.1.523@test.com_Lab2_Q4,4,0,1,0,0.8645731,0.1122551,0.023171853
force.speed.1.436@test.com_Lab2_Q4,4,0,1,0,0.81794983,0.16447385,0.017576318
force.speed.1.256@test.com_Lab2_Q4,4,2,1,1,0.022210132,0.1585765,0.81921333
force.speed.1.808@test.com_Lab2_Q4,4,1,0,0,0.34630573,0.6363959,0.017298397
force.speed.1.511@test.com_Lab2_Q4,4,2,1,1,0.1035316,0.3910842,0.50538415
force.speed.1.709@test.com_Lab2_Q4,4,2,1,1,0.20393376,0.38248175,0.41358456
force.speed.1.925@test.com_Lab2_Q4,4,2,1,0,0.05627905,0.42333254,0.5203884
force.speed.1.784@test.com_Lab2_Q4,4,1,2,1,0.089278616,0.495472,0.41524932
force.speed.3.277@test.com_Lab2_Q4,4,2,1,1,0.028557563,0.15556088,0.81588155
force.speed.3.388@test.com_Lab2_Q4,4,2,1,2,0.22271653,0.36539984,0.41188362
force.speed.3.496@test.com_Lab2_Q4,4,0,1,0,0.5842656,0.2872481,0.12848634
force.speed.3.790@test.com_Lab2_Q4,4,1,0,0,0.39886966,0.46611753,0.1350128
force.speed.3.853@test.com_Lab2_Q4,4,2,1,1,0.071387134,0.41205308,0.51655984
force.speed.3.835@test.com_Lab2_Q4,4,1,0,1,0.17096536,0.7841199,0.044914693
force.energy.4.658@test.com_Lab2_Q4,4,2,1,2,0.03543956,0.1444662,0.8200942
force.energy.4.133@test.com_Lab2_Q4,4,1,0,2,0.12067255,0.78993165,0.089395806
force.energy.4.637@test.com_Lab2_Q4,4,2,1,2,0.03543956,0.1444662,0.8200942
force.energy.4.664@test.com_Lab2_Q4,4,0,2,2,0.50686806,0.10103714,0.3920948
force.energy.4.796@test.com_Lab2_Q4,4,2,1,1,0.068586774,0.19218616,0.73922706
force.energy.4.496@test.com_Lab2_Q4,4,0,1,0,0.4868593,0.4382107,0.07493003
force.energy.4.493@test.com_Lab2_Q4,4,0,1,0,0.99041665,0.008064618,0.0015186734
pe.ke.1.931@test.com_Lab2_Q4,4,2,1,1,0.022338405,0.2092691,0.76839244
pe.ke.1.838@test.com_Lab2_Q4,4,2,1,2,0.012712293,0.0178724,0.96941525
pe.ke.3.832@test.com_Lab2_Q4,4,1,2,0,0.112640634,0.54917717,0.33818218
pe.ke.3.970@test.com_Lab2_Q4,4,1,0,1,0.40741736,0.5813914,0.011191238
pe.ke.4.904@test.com_Lab2_Q4,4,1,2,0,0.100112095,0.75473666,0.1451512
pe.ke.4.307@test.com_Lab2_Q4,4,1,2,1,0.16150378,0.6662813,0.172215
pe.ke.4.841@test.com_Lab2_Q4,4,2,1,2,0.07865625,0.13400564,0.7873382
pe.ke.4.439@test.com_Lab2_Q4,4,2,1,1,0.13971592,0.37132296,0.48896104
pe.ke.4.109@test.com_Lab2_Q4,4,0,1,0,0.963209,0.033188067,0.0036029024
pe.ke.4.583@test.com_Lab2_Q4,4,2,0,1,0.13172783,0.12606356,0.7422086
pe.ke.4.238@test.com_Lab2_Q4,4,1,0,1,0.24428566,0.7414345,0.014279801
pe.ke.4.331@test.com_Lab2_Q4,4,2,0,1,0.29596052,0.14284317,0.5611963
mass.force.3.202@test.com_Lab3_Q3,5,0,1,2,0.5592471,0.34037304,0.10037993
mass.force.3.823@test.com_Lab3_Q3,5,2,0,2,0.03509909,0.005646158,0.95925474
mass.force.4.580@test.com_Lab3_Q3,5,2,0,2,0.025251696,0.018102836,0.9566455
mass.force.4.916@test.com_Lab3_Q3,5,2,0,2,0.034065936,0.0073446757,0.9585894
mass.force.4.550@test.com_Lab3_Q3,5,2,0,2,0.076013766,0.015485773,0.90850043
mass.force.4.385@test.com_Lab3_Q3,5,2,0,2,0.05239539,0.009511625,0.938093
speed.energy.3.766@test.com_Lab3_Q3,5,2,0,2,0.070935614,0.021012165,0.9080522
speed.energy.3.946@test.com_Lab3_Q3,5,1,2,2,0.16241089,0.50547016,0.33211893
speed.energy.3.952@test.com_Lab3_Q3,5,2,0,2,0.046528723,0.04358484,0.9098864
speed.energy.3.907@test.com_Lab3_Q3,5,2,1,2,0.034284834,0.03603042,0.92968476
speed.energy.3.925@test.com_Lab3_Q3,5,2,0,2,0.05809541,0.027015645,0.914889
speed.energy.3.655@test.com_Lab3_Q3,5,2,1,2,0.017680705,0.02050001,0.9618193
speed.energy.3.685@test.com_Lab3_Q3,5,2,0,2,0.15721643,0.010946612,0.83183694
speed.energy.3.931@test.com_Lab3_Q3,5,2,1,2,0.050037622,0.26330018,0.6866622
speed.energy.3.388@test.com_Lab3_Q3,5,0,1,0,0.7926073,0.18567394,0.021718806
speed.energy.3.715@test.com_Lab3_Q3,5,2,0,2,0.36188447,0.23837045,0.39974508
force.speed.2.937@test.com_Lab3_Q3,5,2,0,0,0.2590363,0.062071294,0.67889243
force.speed.2.910@test.com_Lab3_Q3,5,1,2,0,0.13592543,0.6174822,0.24659237
force.speed.2.991@test.com_Lab3_Q3,5,2,0,1,0.41830012,0.02913071,0.5525692
force.speed.2.913@test.com_Lab3_Q3,5,2,0,2,0.095928036,0.030847535,0.87322444
force.speed.2.721@test.com_Lab3_Q3,5,2,0,2,0.047895547,0.012003054,0.9401013
force.speed.2.394@test.com_Lab3_Q3,5,0,1,0,0.8756222,0.11593474,0.008443091
force.speed.2.460@test.com_Lab3_Q3,5,0,2,2,0.81131756,0.07220396,0.11647852
force.speed.2.652@test.com_Lab3_Q3,5,2,0,2,0.12886225,0.04771478,0.8234229
force.speed.2.772@test.com_Lab3_Q3,5,2,0,0,0.2323717,0.10059107,0.6670372
force.speed.3.604@test.com_Lab3_Q3,5,2,0,2,0.12668142,0.024591029,0.8487276
force.energy.3.121@test.com_Lab3_Q3,5,2,0,2,0.0938725,0.017009856,0.88911766
force.energy.3.244@test.com_Lab3_Q3,5,2,0,2,0.08590159,0.0075079645,0.90659046
force.energy.3.466@test.com_Lab3_Q3,5,2,0,2,0.062948346,0.0455242,0.8915274
force.energy.3.316@test.com_Lab3_Q3,5,2,0,2,0.028432174,0.008953803,0.96261406
force.energy.3.304@test.com_Lab3_Q3,5,2,0,2,0.045709684,0.008489965,0.94580036
force.energy.3.718@test.com_Lab3_Q3,5,2,0,2,0.32324195,0.26208192,0.4146761
force.energy.4.493@test.com_Lab3_Q3,5,0,1,0,0.4822255,0.46673638,0.05103812
pe.ke.1.931@test.com_Lab3_Q3,5,2,0,2,0.048750687,0.00961571,0.9416336
pe.ke.1.838@test.com_Lab3_Q3,5,2,0,2,0.062259536,0.03298244,0.90475804
pe.ke.1.529@test.com_Lab3_Q3,5,2,0,1,0.3952876,0.15057063,0.45414177
pe.ke.1.442@test.com_Lab3_Q3,5,2,1,0,0.052795667,0.40389284,0.54331154
pe.ke.1.853@test.com_Lab3_Q3,5,2,1,1,0.08021331,0.11985735,0.7999294
pe.ke.1.358@test.com_Lab3_Q3,5,2,0,2,0.014625041,0.0068679345,0.97850704
pe.ke.1.733@test.com_Lab3_Q3,5,0,1,0,0.38412467,0.36913535,0.24673997
pe.ke.1.517@test.com_Lab3_Q3,5,2,0,2,0.048270352,0.020721719,0.931008
pe.ke.1.283@test.com_Lab3_Q3,5,2,0,1,0.09580962,0.07745523,0.82673514
speed.mass.1.361@test.com_Lab3_Q3,5,2,0,2,0.054431926,0.016261175,0.9293069
speed.mass.2.973@test.com_Lab3_Q3,5,2,0,2,0.01439503,0.010348486,0.97525644
speed.mass.2.937@test.com_Lab3_Q3,5,1,2,1,0.16385263,0.6458639,0.19028349
speed.mass.2.925@test.com_Lab3_Q3,5,0,1,0,0.5063228,0.4754694,0.018207762
speed.mass.2.433@test.com_Lab3_Q3,5,2,1,0,0.058625314,0.23642246,0.70495224
speed.mass.2.874@test.com_Lab3_Q3,5,2,1,1,0.054190382,0.060172204,0.8856374
speed.mass.2.127@test.com_Lab3_Q3,5,2,1,2,0.15503848,0.3126199,0.53234166
speed.mass.2.571@test.com_Lab3_Q3,5,2,0,2,0.27000654,0.029053457,0.70094
speed.mass.2.574@test.com_Lab3_Q3,5,2,1,2,0.014903043,0.019099625,0.96599734
speed.mass.2.859@test.com_Lab3_Q3,5,2,0,2,0.2411092,0.031036437,0.72785443
mass.force.3.202@test.com_Lab3_Q4,6,0,1,2,0.50605285,0.36265135,0.13129582
mass.force.3.823@test.com_Lab3_Q4,6,2,0,2,0.03023341,0.007955826,0.9618108
mass.force.4.580@test.com_Lab3_Q4,6,2,1,2,0.06944884,0.1316343,0.7989169
mass.force.4.916@test.com_Lab3_Q4,6,2,1,2,0.0087311175,0.049670987,0.9415979
mass.force.4.550@test.com_Lab3_Q4,6,2,1,2,0.021552313,0.052340925,0.9261067
mass.force.4.385@test.com_Lab3_Q4,6,2,0,2,0.055338822,0.021002457,0.9236588
speed.energy.3.766@test.com_Lab3_Q4,6,1,2,0,0.06428716,0.5112154,0.4244974
speed.energy.3.946@test.com_Lab3_Q4,6,1,2,2,0.018177142,0.6284293,0.35339355
speed.energy.3.952@test.com_Lab3_Q4,6,2,1,2,0.029081995,0.062327802,0.9085902
speed.energy.3.907@test.com_Lab3_Q4,6,2,0,2,0.017612863,0.014359758,0.9680274
speed.energy.3.925@test.com_Lab3_Q4,6,2,1,0,0.07553343,0.16439639,0.7600702
speed.energy.3.655@test.com_Lab3_Q4,6,2,1,2,0.01910325,0.055667397,0.9252294
speed.energy.3.685@test.com_Lab3_Q4,6,2,0,2,0.12941173,0.009895968,0.86069226
speed.energy.3.931@test.com_Lab3_Q4,6,2,1,2,0.016702097,0.025881434,0.9574164
speed.energy.3.388@test.com_Lab3_Q4,6,0,1,0,0.7926073,0.18567394,0.021718806
speed.energy.3.715@test.com_Lab3_Q4,6,0,1,2,0.4887642,0.25583848,0.25539735
force.speed.2.937@test.com_Lab3_Q4,6,1,2,2,0.092920035,0.5014088,0.40567115
force.speed.2.910@test.com_Lab3_Q4,6,2,0,2,0.14647157,0.061360124,0.79216826
force.speed.2.991@test.com_Lab3_Q4,6,2,0,2,0.08673518,0.057815716,0.85544914
force.speed.2.913@test.com_Lab3_Q4,6,2,0,2,0.04240952,0.03633778,0.92125267
force.speed.2.721@test.com_Lab3_Q4,6,2,1,0,0.10606271,0.44303572,0.45090163
force.speed.2.460@test.com_Lab3_Q4,6,2,1,2,0.25336483,0.25535426,0.49128085
force.speed.2.652@test.com_Lab3_Q4,6,2,1,2,0.046869703,0.13167572,0.8214546
force.speed.3.604@test.com_Lab3_Q4,6,2,0,2,0.2387911,0.11438088,0.64682806
force.energy.3.121@test.com_Lab3_Q4,6,2,1,2,0.029677248,0.06347982,0.9068429
force.energy.3.244@test.com_Lab3_Q4,6,2,0,2,0.056691486,0.020418812,0.9228897
force.energy.3.466@test.com_Lab3_Q4,6,2,0,2,0.08468723,0.047485508,0.86782724
force.energy.3.316@test.com_Lab3_Q4,6,2,1,2,0.013520787,0.01813406,0.9683452
force.energy.3.304@test.com_Lab3_Q4,6,2,0,2,0.045709684,0.008489965,0.94580036
force.energy.3.718@test.com_Lab3_Q4,6,0,1,2,0.40756497,0.3068343,0.28560075
force.energy.4.493@test.com_Lab3_Q4,6,1,0,0,0.21310319,0.7710768,0.015820026
pe.ke.1.931@test.com_Lab3_Q4,6,2,0,2,0.023754792,0.022095632,0.95414954
pe.ke.1.838@test.com_Lab3_Q4,6,2,1,2,0.06144761,0.0616935,0.8768589
pe.ke.1.529@test.com_Lab3_Q4,6,2,1,1,0.037381344,0.039770853,0.9228478
pe.ke.1.442@test.com_Lab3_Q4,6,2,0,2,0.03811017,0.010718858,0.951171
pe.ke.1.853@test.com_Lab3_Q4,6,2,1,1,0.08847377,0.14608546,0.76544076
pe.ke.1.358@test.com_Lab3_Q4,6,2,1,2,0.0150319,0.028482677,0.95648545
pe.ke.1.733@test.com_Lab3_Q4,6,2,0,0,0.11422589,0.096494384,0.78927976
pe.ke.1.517@test.com_Lab3_Q4,6,2,1,2,0.030596063,0.040256098,0.92914784
pe.ke.1.283@test.com_Lab3_Q4,6,2,0,2,0.032410048,0.018453026,0.9491369
speed.mass.1.361@test.com_Lab3_Q4,6,2,1,1,0.06631983,0.09129292,0.8423872
speed.mass.2.973@test.com_Lab3_Q4,6,2,0,2,0.023498962,0.010503434,0.9659976
speed.mass.2.937@test.com_Lab3_Q4,6,1,2,1,0.16385263,0.6458639,0.19028349
speed.mass.2.925@test.com_Lab3_Q4,6,2,1,2,0.09983976,0.39052176,0.5096385
speed.mass.2.433@test.com_Lab3_Q4,6,2,1,0,0.08827676,0.3177131,0.5940102
speed.mass.2.874@test.com_Lab3_Q4,6,2,1,2,0.013033923,0.11246625,0.8744998
speed.mass.2.127@test.com_Lab3_Q4,6,1,0,0,0.12650232,0.7840681,0.08942958
speed.mass.2.571@test.com_Lab3_Q4,6,1,2,2,0.1829801,0.5461106,0.2709093
speed.mass.2.574@test.com_Lab3_Q4,6,2,0,2,0.093294494,0.043458022,0.86324745
speed.mass.2.859@test.com_Lab3_Q4,6,2,1,2,0.052589446,0.3041596,0.64325094
mass.force.5.322@test.com_Lab4_Q2,7,2,0,2,0.023205416,0.017870247,0.95892435
mass.force.5.592@test.com_Lab4_Q2,7,2,0,2,0.03366856,0.0050597973,0.96127164
mass.force.5.982@test.com_Lab4_Q2,7,2,0,2,0.042015765,0.0062678074,0.9517165
mass.force.5.610@test.com_Lab4_Q2,7,1,2,1,0.13903724,0.60128057,0.25968224
mass.force.5.334@test.com_Lab4_Q2,7,2,1,2,0.024004089,0.054011554,0.9219843
mass.force.5.499@test.com_Lab4_Q2,7,2,0,1,0.07762395,0.035858378,0.8865177
force.speed.1.523@test.com_Lab4_Q2,7,0,1,0,0.84647673,0.1449209,0.008602448
force.speed.1.436@test.com_Lab4_Q2,7,2,1,2,0.18238026,0.22125778,0.59636194
force.speed.1.256@test.com_Lab4_Q2,7,2,1,2,0.0793263,0.17643191,0.7442418
force.speed.1.808@test.com_Lab4_Q2,7,0,1,0,0.9312465,0.044848833,0.023904746
force.speed.1.511@test.com_Lab4_Q2,7,2,0,2,0.022511194,0.009806653,0.9676821
force.speed.1.709@test.com_Lab4_Q2,7,2,0,2,0.05341008,0.010861248,0.93572867
force.speed.1.925@test.com_Lab4_Q2,7,2,1,2,0.041035548,0.38306203,0.5759024
force.speed.1.784@test.com_Lab4_Q2,7,2,0,0,0.18261176,0.09812975,0.7192585
force.speed.1.343@test.com_Lab4_Q2,7,0,1,1,0.39157647,0.34590366,0.26251987
force.speed.1.619@test.com_Lab4_Q2,7,2,1,1,0.0786967,0.44306207,0.47824115
force.energy.2.730@test.com_Lab4_Q2,7,2,0,2,0.017516417,0.009677125,0.9728064
force.energy.2.634@test.com_Lab4_Q2,7,1,0,0,0.4691965,0.49565858,0.035144858
force.energy.2.328@test.com_Lab4_Q2,7,2,0,2,0.101746015,0.04162303,0.8566309
force.energy.2.853@test.com_Lab4_Q2,7,1,0,2,0.12718713,0.82599837,0.046814494
force.energy.2.994@test.com_Lab4_Q2,7,2,1,2,0.017575603,0.025695989,0.9567284
force.energy.2.223@test.com_Lab4_Q2,7,2,1,2,0.013196464,0.036399767,0.9504038
force.energy.2.271@test.com_Lab4_Q2,7,2,1,2,0.036632806,0.05147102,0.9118962
force.energy.3.607@test.com_Lab4_Q2,7,2,1,2,0.015838215,0.088837296,0.8953244
force.energy.3.823@test.com_Lab4_Q2,7,2,1,2,0.04396067,0.43320075,0.52283853
force.energy.3.970@test.com_Lab4_Q2,7,2,0,2,0.04491539,0.0146035915,0.940481
force.energy.4.496@test.com_Lab4_Q2,7,2,0,0,0.055763956,0.05485458,0.88938147
force.energy.4.493@test.com_Lab4_Q2,7,0,1,0,0.8207446,0.1697875,0.009467906
pe.ke.1.931@test.com_Lab4_Q2,7,2,1,2,0.03220461,0.057300355,0.910495
pe.ke.1.838@test.com_Lab4_Q2,7,2,1,2,0.013059323,0.014433416,0.97250724
pe.ke.1.529@test.com_Lab4_Q2,7,1,0,2,0.33621156,0.59657073,0.06721775
pe.ke.1.442@test.com_Lab4_Q2,7,2,0,2,0.05435343,0.01248155,0.9331651
pe.ke.4.220@test.com_Lab4_Q2,7,2,0,2,0.047848,0.022697927,0.929454
pe.ke.4.100@test.com_Lab4_Q2,7,2,1,2,0.014406935,0.014762179,0.9708309
pe.ke.4.622@test.com_Lab4_Q2,7,2,0,2,0.03975544,0.023932545,0.93631196
speed.mass.1.805@test.com_Lab4_Q2,7,2,0,2,0.025422988,0.01563227,0.95894474
speed.mass.1.886@test.com_Lab4_Q2,7,1,2,2,0.102947794,0.6629544,0.2340978
speed.mass.1.664@test.com_Lab4_Q2,7,2,1,2,0.014732589,0.09418579,0.8910816
speed.mass.1.115@test.com_Lab4_Q2,7,1,2,2,0.078132726,0.6098939,0.31197333
speed.mass.1.337@test.com_Lab4_Q2,7,1,0,2,0.061613165,0.8819192,0.056467615
speed.mass.1.775@test.com_Lab4_Q2,7,2,0,2,0.020338537,0.016084183,0.9635773
speed.mass.1.682@test.com_Lab4_Q2,7,0,1,0,0.90671873,0.07936767,0.013913551
speed.mass.3.586@test.com_Lab4_Q2,7,1,0,2,0.09968299,0.80341065,0.096906334
speed.mass.3.847@test.com_Lab4_Q2,7,2,1,2,0.119362734,0.18552265,0.69511455
speed.mass.3.715@test.com_Lab4_Q2,7,2,1,2,0.014359745,0.06638765,0.9192526
speed.mass.3.289@test.com_Lab4_Q2,7,1,0,2,0.14768004,0.7504835,0.10183651
speed.mass.3.106@test.com_Lab4_Q2,7,1,0,0,0.2735813,0.71107846,0.015340354
speed.mass.3.784@test.com_Lab4_Q2,7,1,0,2,0.08166403,0.8911429,0.027193125
speed.mass.3.577@test.com_Lab4_Q2,7,2,0,2,0.053674065,0.031084297,0.91524166
speed.mass.3.202@test.com_Lab4_Q2,7,1,2,2,0.094165124,0.79115456,0.11468036
speed.mass.3.502@test.com_Lab4_Q2,7,1,2,2,0.20611832,0.5233457,0.27053595
speed.mass.3.736@test.com_Lab4_Q2,7,1,0,2,0.27261513,0.6928435,0.034541417
energy.mass.5.673@test.com_Lab5_Q2,8,2,0,2,0.10610908,0.016356068,0.8775348
energy.mass.5.214@test.com_Lab5_Q2,8,2,0,2,0.044071324,0.006434748,0.94949394
mass.force.1.784@test.com_Lab5_Q2,8,0,1,1,0.9521328,0.03426393,0.013603221
mass.force.1.169@test.com_Lab5_Q2,8,0,2,1,0.74394715,0.094602264,0.16145065
mass.force.1.745@test.com_Lab5_Q2,8,2,0,2,0.12626483,0.023147587,0.8505876
mass.force.1.817@test.com_Lab5_Q2,8,1,0,0,0.3923802,0.5442954,0.06332443
mass.force.1.646@test.com_Lab5_Q2,8,2,0,2,0.038302705,0.022634374,0.93906295
mass.force.1.874@test.com_Lab5_Q2,8,2,0,1,0.3251391,0.1571453,0.5177156
mass.force.1.595@test.com_Lab5_Q2,8,2,0,2,0.14526315,0.039439406,0.8152975
speed.energy.2.196@test.com_Lab5_Q2,8,2,0,1,0.056503978,0.008576546,0.9349195
speed.energy.2.319@test.com_Lab5_Q2,8,2,1,1,0.059203733,0.30634418,0.63445204
speed.energy.2.895@test.com_Lab5_Q2,8,0,2,1,0.431954,0.2802046,0.28784138
speed.energy.2.208@test.com_Lab5_Q2,8,0,1,0,0.957903,0.026204392,0.015892522
speed.energy.3.925@test.com_Lab5_Q2,8,2,0,2,0.10075543,0.008275257,0.89096934
speed.energy.3.685@test.com_Lab5_Q2,8,2,0,1,0.13258368,0.010076544,0.8573398
speed.energy.3.931@test.com_Lab5_Q2,8,2,1,2,0.03692568,0.0454746,0.9175997
speed.energy.3.715@test.com_Lab5_Q2,8,1,0,0,0.26514164,0.7250848,0.009773589
speed.energy.3.175@test.com_Lab5_Q2,8,2,0,2,0.34022117,0.034464117,0.6253147
speed.energy.3.679@test.com_Lab5_Q2,8,2,0,1,0.08768368,0.028756902,0.88355947
force.speed.1.784@test.com_Lab5_Q2,8,2,0,2,0.17921019,0.025812851,0.79497695
force.speed.1.343@test.com_Lab5_Q2,8,2,0,2,0.15517502,0.083516665,0.7613083
force.speed.1.619@test.com_Lab5_Q2,8,2,0,2,0.14353922,0.030134102,0.82632667
force.speed.1.133@test.com_Lab5_Q2,8,2,0,2,0.22110072,0.06455165,0.71434766
force.speed.1.169@test.com_Lab5_Q2,8,2,0,2,0.15752158,0.041295912,0.80118257
force.speed.1.544@test.com_Lab5_Q2,8,1,0,0,0.41839415,0.4817425,0.09986336
force.speed.3.496@test.com_Lab5_Q2,8,2,0,2,0.1202753,0.03165117,0.8480735
force.speed.3.790@test.com_Lab5_Q2,8,2,1,2,0.029417625,0.09661532,0.873967
force.speed.3.853@test.com_Lab5_Q2,8,2,1,2,0.021470288,0.084658,0.8938717
force.speed.3.835@test.com_Lab5_Q2,8,2,1,2,0.034935784,0.044466536,0.92059773
force.speed.3.601@test.com_Lab5_Q2,8,2,0,2,0.04413404,0.03982926,0.9160367
force.speed.3.979@test.com_Lab5_Q2,8,2,1,2,0.04246164,0.14405409,0.81348425
force.energy.3.121@test.com_Lab5_Q2,8,1,0,0,0.25485083,0.7266047,0.018544372
force.energy.3.244@test.com_Lab5_Q2,8,0,1,1,0.78540003,0.1609236,0.05367636
force.energy.3.466@test.com_Lab5_Q2,8,0,1,0,0.9900253,0.007983132,0.0019915446
force.energy.3.316@test.com_Lab5_Q2,8,2,0,2,0.095636494,0.014280436,0.890083
force.energy.3.304@test.com_Lab5_Q2,8,0,2,2,0.5418608,0.054569732,0.40356943
force.energy.3.718@test.com_Lab5_Q2,8,0,2,2,0.56252676,0.08585235,0.35162088
force.energy.3.643@test.com_Lab5_Q2,8,0,1,2,0.8149687,0.15278575,0.03224553
force.energy.3.976@test.com_Lab5_Q2,8,2,0,2,0.3098509,0.1852223,0.50492686
force.energy.3.205@test.com_Lab5_Q2,8,0,1,1,0.78540003,0.1609236,0.05367636
force.energy.3.550@test.com_Lab5_Q2,8,0,1,2,0.8687401,0.103467815,0.027792098
pe.ke.2.289@test.com_Lab5_Q2,8,2,1,2,0.035894334,0.048227984,0.9158777
pe.ke.2.574@test.com_Lab5_Q2,8,2,1,1,0.18605796,0.3817984,0.43214372
pe.ke.2.274@test.com_Lab5_Q2,8,2,0,1,0.17922212,0.05014514,0.7706327
pe.ke.2.556@test.com_Lab5_Q2,8,2,0,1,0.046184678,0.012998038,0.94081724
pe.ke.2.355@test.com_Lab5_Q2,8,2,0,2,0.059090752,0.014734323,0.92617494
pe.ke.2.553@test.com_Lab5_Q2,8,2,0,2,0.22831999,0.02325761,0.7484224
pe.ke.2.916@test.com_Lab5_Q2,8,2,1,2,0.02280504,0.2552726,0.7219224
pe.ke.3.652@test.com_Lab5_Q2,8,2,1,1,0.01994642,0.19292557,0.787128
pe.ke.3.697@test.com_Lab5_Q2,8,2,0,1,0.055977713,0.023645617,0.9203767
